file,rdf_path,landing_page,gt_findability,gt_accessibility,gt_reusability,gt_expressiveness,gt_notes,gt_overall,gt_verdict,gt_rated,model_findability,model_accessibility,model_reusability,model_expressiveness,model_overall,model_findability_0_5,model_accessibility_0_5,model_reusability_0_5,model_expressiveness_0_5,model_overall_0_5,model_verdict
bad_01.rdf,data/extreme_cases_05/bad_01.rdf,,3,2,1,2,,2.0,schlecht,True,0.4375,0.31203684210526317,0.2857142857142857,0.5833333333333334,0.4046461152882206,2.1875,1.560184210526316,1.4285714285714284,2.916666666666667,2.0232305764411027,schlecht
bad_02.rdf,data/extreme_cases_05/bad_02.rdf,,1,2,1,1,,1.25,schlecht,True,0.3125,0.23308421052631575,0.14285714285714285,0.6916666666666665,0.34502700501253125,1.5625,1.1654210526315787,0.7142857142857142,3.4583333333333326,1.7251350250626563,schlecht
bad_03.rdf,data/extreme_cases_05/bad_03.rdf,,3,3,1,3,,2.5,mittel,True,0.5,0.21052631578947367,0.14285714285714285,0.7216666666666667,0.3937625313283208,2.5,1.0526315789473684,0.7142857142857142,3.6083333333333334,1.968812656641604,schlecht
bad_04.rdf,data/extreme_cases_05/bad_04.rdf,,2,1,2,2,,1.75,schlecht,True,0.4375,0.32894736842105265,0.2857142857142857,0.7916666666666666,0.4609570802005012,2.1875,1.6447368421052633,1.4285714285714284,3.958333333333333,2.304785401002506,mittel
bad_05.rdf,data/extreme_cases_05/bad_05.rdf,,2,2,3,3,,2.5,mittel,True,0.4375,0.2894736842105263,0.14285714285714285,0.765,0.40870770676691726,2.1875,1.4473684210526316,0.7142857142857142,3.825,2.0435385338345866,schlecht
bad_06.rdf,data/extreme_cases_05/bad_06.rdf,,3,3,1,3,,2.5,mittel,True,0.375,0.3684210526315789,0.14285714285714285,0.8666666666666666,0.43823621553884706,1.875,1.8421052631578947,0.7142857142857142,4.333333333333333,2.1911810776942353,mittel
bad_07.rdf,data/extreme_cases_05/bad_07.rdf,,2,2,2,2,,2.0,schlecht,True,0.375,0.2631631578947368,0.2857142857142857,0.8166666666666665,0.4351360275689223,1.875,1.3158157894736842,1.4285714285714284,4.083333333333333,2.175680137844611,schlecht
bad_08.rdf,data/extreme_cases_05/bad_08.rdf,,3,1,2,3,,2.25,mittel,True,0.375,0.2894736842105263,0.2857142857142857,0.7250000000000001,0.41879699248120306,1.875,1.4473684210526316,1.4285714285714284,3.6250000000000004,2.093984962406015,schlecht
bad_09.rdf,data/extreme_cases_05/bad_09.rdf,,2,2,0,1,,1.25,schlecht,True,0.5,0.42105263157894735,0.14285714285714285,0.7166666666666667,0.44514411027568923,2.5,2.1052631578947367,0.7142857142857142,3.5833333333333335,2.225720551378446,mittel
bad_10.rdf,data/extreme_cases_05/bad_10.rdf,,2,3,1,3,,2.25,mittel,True,0.375,0.31579473684210524,0.2857142857142857,0.8466666666666666,0.4557939223057644,1.875,1.5789736842105262,1.4285714285714284,4.2333333333333325,2.278969611528822,mittel
good_01.rdf,data/extreme_cases_05/good_01.rdf,,4,5,5,3,,4.25,gut,True,1.0,0.8736894736842106,1.0,0.7916666666666666,0.9163390350877193,5.0,4.3684473684210525,5.0,3.958333333333333,4.581695175438596,gut
good_02.rdf,data/extreme_cases_05/good_02.rdf,,5,5,5,2,,4.25,mittel,True,0.875,0.8486842105263158,1.0,0.7666666666666666,0.8725877192982456,4.375,4.243421052631579,5.0,3.833333333333333,4.362938596491228,gut
good_03.rdf,data/extreme_cases_05/good_03.rdf,,5,5,5,4,,4.75,gut,True,0.875,0.9649157894736843,0.8571428571428571,0.7816666666666666,0.869681328320802,4.375,4.824578947368422,4.285714285714286,3.908333333333333,4.34840664160401,gut
good_04.rdf,data/extreme_cases_05/good_04.rdf,,4,4,4,3,,3.75,mittel,True,0.6875,1.0,0.8571428571428571,0.8000000000000002,0.8361607142857144,3.4375,5.0,4.285714285714286,4.000000000000001,4.180803571428571,gut
good_05.rdf,data/extreme_cases_05/good_05.rdf,,5,4,4,4,,4.25,gut,True,0.8125,1.0,0.5714285714285714,0.7749999999999999,0.7897321428571428,4.0625,5.0,2.8571428571428568,3.8749999999999996,3.9486607142857144,gut
good_06.rdf,data/extreme_cases_05/good_06.rdf,,5,4,4,4,,4.25,gut,True,0.8125,1.0,0.5714285714285714,0.6683333333333333,0.7630654761904762,4.0625,5.0,2.8571428571428568,3.341666666666667,3.815327380952381,mittel
good_07.rdf,data/extreme_cases_05/good_07.rdf,,4,3,4,3,,3.5,mittel,True,0.75,0.8947368421052632,0.5714285714285714,0.7333333333333333,0.7373746867167921,3.75,4.473684210526316,2.8571428571428568,3.6666666666666665,3.6868734335839597,mittel
good_08.rdf,data/extreme_cases_05/good_08.rdf,,4,4,3,4,,3.75,mittel,True,0.625,0.9385947368421054,0.7142857142857143,0.8533333333333334,0.7828034461152883,3.125,4.692973684210527,3.5714285714285716,4.266666666666667,3.914017230576441,gut
good_09.rdf,data/extreme_cases_05/good_09.rdf,,4,4,3,4,,3.75,mittel,True,0.625,0.9385947368421054,0.7142857142857143,0.8666666666666666,0.7861367794486216,3.125,4.692973684210527,3.5714285714285716,4.333333333333333,3.9306838972431075,gut
good_10.rdf,data/extreme_cases_05/good_10.rdf,,4,3,4,3,,3.5,mittel,True,0.6875,0.8947368421052632,0.7857142857142857,0.6666666666666666,0.7586544486215538,3.4375,4.473684210526316,3.9285714285714284,3.333333333333333,3.7932722431077694,mittel
