file,rdf_path,landing_page,gt_findability,gt_accessibility,gt_reusability,gt_expressiveness,gt_notes
geo_gdi-de.rdf,data/sample_2026-06-25_09-57/geo_gdi-de.rdf,https://www.govdata.de/dataset/geodatensatz-flachennutzungsplan-stadt-hameln-zusammenzeichnung,3,3,3,4,
geo_gdi-de_02.rdf,data/sample_2026-06-25_09-57/geo_gdi-de_02.rdf,https://www.govdata.de/dataset/feuerwehren-der-verwaltungsgemeinschaft-lindenberg-eichsfeld,4,3,4,4,
geo_gdi-de_03.rdf,data/sample_2026-06-25_09-57/geo_gdi-de_03.rdf,https://www.govdata.de/dataset/bebauungsplane-und-satzungen-der-gemeinde-unterwellenborn,3,3,4,4,
geo_gdi-de_04.rdf,data/sample_2026-06-25_09-57/geo_gdi-de_04.rdf,https://www.govdata.de/dataset/spielplatze-der-stadt-berga-wunschendorf,3,3,4,4,
geo_gdi-de_05.rdf,data/sample_2026-06-25_09-57/geo_gdi-de_05.rdf,https://www.govdata.de/dataset/wasserschutzgebiete-landkreis-holzminden,4,3,4,3,
geo_open-data-brandenburg.rdf,data/sample_2026-06-25_09-57/geo_open-data-brandenburg.rdf,https://www.govdata.de/dataset/vorhabenbezogener-bebauungsplan-solarpark-haselberg-stadt-wriezen-ot-haselberg,4,3,5,4,
geo_open-data-brandenburg_02.rdf,data/sample_2026-06-25_09-57/geo_open-data-brandenburg_02.rdf,https://www.govdata.de/dataset/bebauungsplan-wohngebiet-oberjunne-amt-bruck-gemeinde-planebruch-ot-oberjunne,4,3,4,4,
geo_open-data-brandenburg_03.rdf,data/sample_2026-06-25_09-57/geo_open-data-brandenburg_03.rdf,https://www.govdata.de/dataset/bebauungsplan-18-ortskern-rehbrucke-1-anderung-und-erganzung-gemeinde-nuthetal-ot-bergholz-rehb,4,3,4,4,
geo_open-data-brandenburg_04.rdf,data/sample_2026-06-25_09-57/geo_open-data-brandenburg_04.rdf,https://www.govdata.de/dataset/bebauungsplan-nr-69-wohnbebauung-feldstrasse-ecke-oranienburger-strasse-stadt-hohen-neuendorf-s,4,3,4,4,
geo_open-data-brandenburg_05.rdf,data/sample_2026-06-25_09-57/geo_open-data-brandenburg_05.rdf,https://www.govdata.de/dataset/flachennutzungsplan-buchholz-amt-odervorland-gemeinde-steinhofel-ot-buchholz,4,3,4,4,
geo_open-data-portal-rheinland-pfalz.rdf,data/sample_2026-06-25_09-57/geo_open-data-portal-rheinland-pfalz.rdf,https://www.govdata.de/dataset/von-brule-strasse-1-vereinfachte-anderung,3,3,3,1,
geo_open-data-portal-rheinland-pfalz_02.rdf,data/sample_2026-06-25_09-57/geo_open-data-portal-rheinland-pfalz_02.rdf,https://www.govdata.de/dataset/atkis-basis-dlm-rp,3,1,3,3,
geo_open-data-portal-rheinland-pfalz_03.rdf,data/sample_2026-06-25_09-57/geo_open-data-portal-rheinland-pfalz_03.rdf,https://www.govdata.de/dataset/sagmuhlweg-vi-anderung-m-erweiterung-6-anderung,3,2,3,2,
geo_open-data-portal-rheinland-pfalz_04.rdf,data/sample_2026-06-25_09-57/geo_open-data-portal-rheinland-pfalz_04.rdf,https://www.govdata.de/dataset/dorf-und-festplatz,3,2,3,2,
geo_open-data-portal-rheinland-pfalz_05.rdf,data/sample_2026-06-25_09-57/geo_open-data-portal-rheinland-pfalz_05.rdf,https://www.govdata.de/dataset/gwb-natrium,2,2,2,3,
geo_rest.rdf,data/sample_2026-06-25_09-57/geo_rest.rdf,https://www.govdata.de/dataset/01001_bp_osterallee_ost_westlicher_teil_276_urschrift9d8a0,3,4,2,3,
geo_rest_02.rdf,data/sample_2026-06-25_09-57/geo_rest_02.rdf,https://www.govdata.de/dataset/test-beds-reallabore-prufzentren,1,4,2,2,
geo_rest_03.rdf,data/sample_2026-06-25_09-57/geo_rest_03.rdf,https://www.govdata.de/dataset/lgrb-bw-hw_hyd-uran,2,2,1,3,
geo_rest_04.rdf,data/sample_2026-06-25_09-57/geo_rest_04.rdf,https://www.govdata.de/dataset/s-dickenhardt-teilbereich-schubert-sieder-und-salinenstrasse-anderung-s_m_ii_3_2005_1aacdf,4,2,3,4,
geo_rest_05.rdf,data/sample_2026-06-25_09-57/geo_rest_05.rdf,https://www.govdata.de/dataset/hochwasserkarten-2019-flusshochwasser,3,4,4,4,
geo_transparenzportal-hamburg.rdf,data/sample_2026-06-25_09-57/geo_transparenzportal-hamburg.rdf,https://www.govdata.de/dataset/teilbebauungsplan-tb-913-hamburg1d989,4,1,3,4,
geo_transparenzportal-hamburg_02.rdf,data/sample_2026-06-25_09-57/geo_transparenzportal-hamburg_02.rdf,https://www.govdata.de/dataset/bebauungsplan-eimsbuttel-27-hamburgd0c9f,4,1,3,4,
geo_transparenzportal-hamburg_03.rdf,data/sample_2026-06-25_09-57/geo_transparenzportal-hamburg_03.rdf,https://www.govdata.de/dataset/bebauungsplan-bramfeld-20-hamburg,4,1,3,4,
geo_transparenzportal-hamburg_04.rdf,data/sample_2026-06-25_09-57/geo_transparenzportal-hamburg_04.rdf,https://www.govdata.de/dataset/bebauungsplan-neuenfelde-11-francop-6-cranz-4-hamburg,4,1,3,4,
geo_transparenzportal-hamburg_05.rdf,data/sample_2026-06-25_09-57/geo_transparenzportal-hamburg_05.rdf,https://www.govdata.de/dataset/durchfuhrungsplan-d-112-hamburg18147,4,1,3,3,
non_geo_gdi-de.rdf,data/sample_2026-06-25_09-57/non_geo_gdi-de.rdf,https://www.govdata.de/dataset/bebauungsplan-nr-g-2-1-anderung-1,3,2,5,4,
non_geo_gdi-de_02.rdf,data/sample_2026-06-25_09-57/non_geo_gdi-de_02.rdf,,4,3,4,4,
non_geo_gdi-de_03.rdf,data/sample_2026-06-25_09-57/non_geo_gdi-de_03.rdf,https://www.govdata.de/dataset/hauptstrasse-leeste-ursprungsplan,4,3,4,4,
non_geo_gdi-de_04.rdf,data/sample_2026-06-25_09-57/non_geo_gdi-de_04.rdf,https://www.govdata.de/dataset/mak-1-1-am-friedhof-1-anderung,4,3,4,4,
non_geo_gdi-de_05.rdf,data/sample_2026-06-25_09-57/non_geo_gdi-de_05.rdf,https://www.govdata.de/dataset/kindergarten-martfeld-ursprungsplan,4,3,4,4,
non_geo_land-schleswig-holstein.rdf,data/sample_2026-06-25_09-57/non_geo_land-schleswig-holstein.rdf,https://www.govdata.de/dataset/bevolkerungsstand-nach-altersgruppen-in-havetoft-am-31-12,4,5,3,4,
non_geo_land-schleswig-holstein_02.rdf,data/sample_2026-06-25_09-57/non_geo_land-schleswig-holstein_02.rdf,https://www.govdata.de/dataset/siedlungs-und-verkehrsflachen-nach-nutzungsartengruppen-in-brodersby-goltoft,4,5,3,4,
non_geo_land-schleswig-holstein_03.rdf,data/sample_2026-06-25_09-57/non_geo_land-schleswig-holstein_03.rdf,https://www.govdata.de/dataset/bundestagswahl-verteilung-der-gultigen-zweitstimmen-in-stormarn,3,4,4,4,
non_geo_land-schleswig-holstein_04.rdf,data/sample_2026-06-25_09-57/non_geo_land-schleswig-holstein_04.rdf,https://www.govdata.de/dataset/wohngebaudebestand-nach-anzahl-der-wohnungen-in-grundhof,4,4,4,4,
non_geo_land-schleswig-holstein_05.rdf,data/sample_2026-06-25_09-57/non_geo_land-schleswig-holstein_05.rdf,https://www.govdata.de/dataset/grundwasserstand-messstelle-6193-osterbyholz-nord-f2-st04,3,4,4,4,
non_geo_open-data-bayern.rdf,data/sample_2026-06-25_09-57/non_geo_open-data-bayern.rdf,https://www.govdata.de/dataset/ebersberg-lkr-bevolkerung,4,1,4,3,
non_geo_open-data-bayern_02.rdf,data/sample_2026-06-25_09-57/non_geo_open-data-bayern_02.rdf,https://www.govdata.de/dataset/wissenschaftliche-bibliotheken-15-geowissenschaften-bergbau-in-2017,4,4,4,4,
non_geo_open-data-bayern_03.rdf,data/sample_2026-06-25_09-57/non_geo_open-data-bayern_03.rdf,https://www.govdata.de/dataset/buxheim-lebendgeborene,3,1,3,4,
non_geo_open-data-bayern_04.rdf,data/sample_2026-06-25_09-57/non_geo_open-data-bayern_04.rdf,https://www.govdata.de/dataset/automatische-zahlstellen-auf-der-bundesstrasse-b85-2019,3,3,4,4,
non_geo_open-data-bayern_05.rdf,data/sample_2026-06-25_09-57/non_geo_open-data-bayern_05.rdf,https://www.govdata.de/dataset/waldkirchen-st-baufertigstellungen,3,1,4,3,
non_geo_open-data-brandenburg.rdf,data/sample_2026-06-25_09-57/non_geo_open-data-brandenburg.rdf,https://www.govdata.de/dataset/atkis-digitales-basis-landschaftsmodell-3248-sw-gruntal,3,3,4,4,
non_geo_open-data-brandenburg_02.rdf,data/sample_2026-06-25_09-57/non_geo_open-data-brandenburg_02.rdf,https://www.govdata.de/dataset/vorhabenbezogener-bebauungsplan-einzelarztpraxis-schemel-amt-bruck-stadt-bruck-wms,3,3,4,4,
non_geo_open-data-brandenburg_03.rdf,data/sample_2026-06-25_09-57/non_geo_open-data-brandenburg_03.rdf,https://www.govdata.de/dataset/topographische-karte-1-10-000-3251-so-neulewin-2009,4,3,4,4,
non_geo_open-data-brandenburg_04.rdf,data/sample_2026-06-25_09-57/non_geo_open-data-brandenburg_04.rdf,https://www.govdata.de/dataset/topographische-karte-1-25-000-4245-kolochau-1994,4,3,4,4,
non_geo_open-data-brandenburg_05.rdf,data/sample_2026-06-25_09-57/non_geo_open-data-brandenburg_05.rdf,https://www.govdata.de/dataset/flachennutzungsplan-stadt-bruck-mit-den-ortsteilen-baitz-und-neuendorf-1-anderung-amt-bruck-sta-1,3,2,4,3,
non_geo_rest.rdf,data/sample_2026-06-25_09-57/non_geo_rest.rdf,https://www.govdata.de/dataset/hochschulwechslerquoten-zum-masterstudium-nach-bundeslanderne6e59,3,4,3,3,
non_geo_rest_02.rdf,data/sample_2026-06-25_09-57/non_geo_rest_02.rdf,https://www.govdata.de/dataset/umsatz-und-beschaftigte-in-ausgewahlten-dienstleistungsbereichen-hamburgs-veranderung-gegenuber9e07a,3,2,3,2,
non_geo_rest_03.rdf,data/sample_2026-06-25_09-57/non_geo_rest_03.rdf,https://www.govdata.de/dataset/bilanz-der-stadt-arnsberg-fur-2008,3,5,4,3,
non_geo_rest_04.rdf,data/sample_2026-06-25_09-57/non_geo_rest_04.rdf,https://www.govdata.de/dataset/kommunalprofil-betriebe-beschaftigte-und-umsatz-imbauhauptgewerbe-zeitreihe-4-jahre,3,3,4,2,
non_geo_rest_05.rdf,data/sample_2026-06-25_09-57/non_geo_rest_05.rdf,https://www.govdata.de/dataset/mundliche-berichte-87,3,2,0,2,
