file,rdf_path,landing_page,dataset_id,primary_stratum,secondary_stratum,title,description,keywords,themes,n_distributions,formats,licenses,access_rights,has_download_url,has_access_url,example_url,publisher,has_contact,gt_findability,gt_accessibility,gt_reusability,gt_expressiveness,gt_notes
geo_gdi-de.rdf,data/sample_2026-06-25_09-57/geo_gdi-de.rdf,https://www.govdata.de/dataset/geodatensatz-flachennutzungsplan-stadt-hameln-zusammenzeichnung,f547ef80-c3c8-4870-b5e2-56f3d36cbcaa,geo,gdi-de,Geodatensatz Flächennutzungsplan Stadt Hameln (Zusammenzeichnung),"Dieser Geodatensatz beinhaltet den Flächennutzungsplan der in der Überschrift angegebenen Kommune des Landes Niedersachsen in einem standardisierten Format. Eine rechtlich verbindliche Auskunft zur Flächennutzungsplanung erteilt jedoch ausschließlich die zuständige Einheits- oder Samtgemeinde als Trägerin der Flächennutzungsplanung. Die Daten beinhalten mindestens einen Layer pro XPlanung-Klasse,…","bodennutzung, f-plan, flächennutzung, flächennutzungsplan, flächennutzungsplanung, fnp, inspireidentifiziert, opendata, plandigital, vorbereitender-bauleitplan, xplanung, zusammenzeichnung","REGI, GOVE",1,GML,dl-zero-de/2.0,Nf4dddfab38a8414185418eba4a92a681,True,True,https://testportal-plandigital.de/kvwmap/index.php?go=xplankonverter_download_uploaded_xplan_gml&konvertierung_id=20980,Nf1baf725464b40828116a1e0dd029100,True,,,,,
geo_gdi-de_02.rdf,data/sample_2026-06-25_09-57/geo_gdi-de_02.rdf,https://www.govdata.de/dataset/feuerwehren-der-verwaltungsgemeinschaft-lindenberg-eichsfeld,0b6fbb7f-ddc8-4bae-ad7f-5b7b4ffa87a9,geo,gdi-de,Feuerwehren der Verwaltungsgemeinschaft Lindenberg/Eichsfeld,Der Datensatz enthält die Feuerwehrstandorte der Verwaltungsgemeinschaft Lindenberg/Eichsfeld. Es handelt sich um einen Sekundärdatenbestand.,"feuerwehren, feuerwehrstandorte, feuerwehrstützpunkte, opendata, thüringen, versorgungswirtschaft-und-staatliche-dienste","GOVE, REGI, SOCI, EDUC",2,SHP,dl-by-de/2.0,Ne8ab396f397f4013a38b94e1a5c63c2c,True,True,https://www.geoproxy.geoportal-th.de/geoproxy/services/kommunal/komm_wfs,Ne9b33c99afc14063af688f1b54a0899f,True,,,,,
geo_gdi-de_03.rdf,data/sample_2026-06-25_09-57/geo_gdi-de_03.rdf,https://www.govdata.de/dataset/bebauungsplane-und-satzungen-der-gemeinde-unterwellenborn,899454df-ad15-467b-bacb-828cc6161422,geo,gdi-de,Bebauungspläne und Satzungen der Gemeinde Unterwellenborn,Der Datensatz enthält die Geltungsbereiche der Bebauungspläne und Satzungen der Gemeinde Unterwellenborn mit Verlinkung auf die Planunterlagen. Es handelt sich um einen Sekundärdatenbestand. Hinweis: Die im Datensatz verlinkten Unterlagen dienen lediglich als Vorinformation. Aus organisatorischen Gründen kann für die Vollständigkeit und Richtigkeit keine Gewähr übernommen werden. Rechtsverbindlic…,"außenbereichssatzung, b-plan, bauleitplanung, bebauungsplan, bodennutzung, einfacher-b-plan, entwicklungssatzung, ergänzungssatzung, innenbereichssatzung, klarstellungssatzung, opendata, qualifizierter-b-plan, sanierungssatzung, satzungen, thüringen","GOVE, REGI",1,SHP,dl-by-de/2.0,N24d217158c494f558d120249755e702c,True,True,https://www.geoproxy.geoportal-th.de/download-service/opendata/kommunal/ko_uwb_bp.zip,N48258f7bf5114b81bcd0c02095e04770,True,,,,,
geo_gdi-de_04.rdf,data/sample_2026-06-25_09-57/geo_gdi-de_04.rdf,https://www.govdata.de/dataset/spielplatze-der-stadt-berga-wunschendorf,39937c6d-7f3f-4744-8dad-024c08a3be4a,geo,gdi-de,Spielplätze der Stadt Berga-Wünschendorf,Der Datensatz zeigt die Standorte der frei zugänglichen Spielplätze der Stadt Berga-Wünschendorf. Es handelt sich um einen Sekundärdatenbestand.,"bodennutzung, opendata, spielplatz, thüringen","GOVE, REGI, EDUC, SOCI",1,SHP,dl-by-de/2.0,N0fd15d3b378744139aed5018e9cd78f0,True,True,https://www.geoproxy.geoportal-th.de/download-service/opendata/kommunal/ko_berg_spiel.zip,Nd1633fde8466448ea954579682261b88,True,,,,,
geo_gdi-de_05.rdf,data/sample_2026-06-25_09-57/geo_gdi-de_05.rdf,https://www.govdata.de/dataset/wasserschutzgebiete-landkreis-holzminden,6d138e89-5b1d-406a-b23f-b5ffe9be36ec,geo,gdi-de,Wasserschutzgebiete (Landkreis Holzminden),festgesetzte Wasserschutzgebiete im Landkreis Holzminden,"inspireidentifiziert, opendata, schutzgebiete, wasserschutz, wasserschutzgebiet",ENVI,3,shape,dl-zero-de/2.0,N3fbf8cb205b54484b487741768868c56,True,True,https://gis.landkreis-holzminden.de/Dokumente/Schutzgebiete/Schutzgebiete.zip,N993425f510e9416b8079d0863d6ede6a,True,,,,,
geo_open-data-brandenburg.rdf,data/sample_2026-06-25_09-57/geo_open-data-brandenburg.rdf,https://www.govdata.de/dataset/vorhabenbezogener-bebauungsplan-solarpark-haselberg-stadt-wriezen-ot-haselberg,a00462c9-76e9-4847-b05a-6a8be5bc5e92,geo,open-data-brandenburg,Vorhabenbezogener Bebauungsplan Solarpark Haselberg - Stadt Wriezen OT Haselberg,"Der Vorhabenbezogene Bebauungsplan setzt als verbindlicher Bauleitplan eine objektbezogene Vorhabensplanung in unmittelbar geltendes Recht um. Für ihn gelten dieselben Regelungen, die auch für den Bebauungsplan maßgeblich sind.","bauleitplanung, bodennutzung, erdbeobachtung-und-umwelt, opendata, planung","TECH, ENVI, REGI",3,"HTML, WFS_SRVC, WMS_SRVC",dl-by-de/2.0,noConditionsApply,True,True,https://www.geoportal-wriezen.de/,Nc91393c620384ee4bafd75c54afc52ec,True,,,,,
geo_open-data-brandenburg_02.rdf,data/sample_2026-06-25_09-57/geo_open-data-brandenburg_02.rdf,https://www.govdata.de/dataset/bebauungsplan-wohngebiet-oberjunne-amt-bruck-gemeinde-planebruch-ot-oberjunne,fc093dd2-584b-4587-a8a2-ab61ee277558,geo,open-data-brandenburg,Bebauungsplan Wohngebiet Oberjünne - Amt Brück Gemeinde Planebruch OT Oberjünne,"Der Bebauungsplan setzt als verbindlicher Bauleitplan das Bodennutzungskonzept der Gemeinde in unmittelbar geltendes Recht um. Der Bebauungsplan gibt vor, welche Bodennutzungen auf den betroffenen Grundflächen zulässig und unzulässig sind.","bauleitplanung, erdbeobachtung-und-umwelt, opendata, planung","GOVE, REGI",3,"WFS_SRVC, WMS_SRVC",dl-by-de/2.0,Nf9d1bf29c3f74e3eacaffd79f97af8eb,True,True,https://www.geoportal-amt-brueck.de/isk/bp28?,Nf93de58540b145c18c1bf1ede3af5759,True,,,,,
geo_open-data-brandenburg_03.rdf,data/sample_2026-06-25_09-57/geo_open-data-brandenburg_03.rdf,https://www.govdata.de/dataset/bebauungsplan-18-ortskern-rehbrucke-1-anderung-und-erganzung-gemeinde-nuthetal-ot-bergholz-rehb,013b4af8-38af-4271-a979-3fccc968c4dc,geo,open-data-brandenburg,Bebauungsplan 18 Ortskern Rehbrücke - 1. Änderung und Ergänzung - Gemeinde Nuthetal OT Bergholz-Rehbrücke,"Der Bebauungsplan setzt als verbindlicher Bauleitplan das Bodennutzungskonzept der Gemeinde in unmittelbar geltendes Recht um. Der Bebauungsplan gibt vor, welche Bodennutzungen auf den betroffenen Grundflächen zulässig und unzulässig sind.","bauleitplanung, boden, bodennutzung, erdbeobachtung-und-umwelt, opendata","GOVE, REGI",3,"HTML, WFS_SRVC, WMS_SRVC",dl-by-de/2.0,N673489a6f97840008e34fb02bee6ae95,True,True,https://www.geoportal-nuthetal.de/,N7983b59baf744051925e477f48fd8d8f,True,,,,,
geo_open-data-brandenburg_04.rdf,data/sample_2026-06-25_09-57/geo_open-data-brandenburg_04.rdf,https://www.govdata.de/dataset/bebauungsplan-nr-69-wohnbebauung-feldstrasse-ecke-oranienburger-strasse-stadt-hohen-neuendorf-s,33b2c2f2-4545-48cd-b5aa-65232b21b889,geo,open-data-brandenburg,Bebauungsplan Nr. 69 Wohnbebauung Feldstraße / Ecke Oranienburger Straße - Stadt Hohen Neuendorf Stadtteil Hohen Neuendorf,"Der Bebauungsplan setzt als verbindlicher Bauleitplan das Bodennutzungskonzept der Gemeinde in unmittelbar geltendes Recht um. Der Bebauungsplan gibt vor, welche Bodennutzungen auf den betroffenen Grundflächen zulässig und unzulässig sind.","bauleitplanung, erdbeobachtung-und-umwelt, opendata, planung","REGI, GOVE",3,"WFS_SRVC, WMS_SRVC",dl-by-de/2.0,N40eeed3216f948e3b46c0d05ed79d760,True,True,https://www.isk-hohen-neuendorf.de/isk/bp02?,N8059f083162242d6a27a7d25b7ca37dd,True,,,,,
geo_open-data-brandenburg_05.rdf,data/sample_2026-06-25_09-57/geo_open-data-brandenburg_05.rdf,https://www.govdata.de/dataset/flachennutzungsplan-buchholz-amt-odervorland-gemeinde-steinhofel-ot-buchholz,570ac1b7-5f8f-441d-bc6e-4edc2b21521c,geo,open-data-brandenburg,Flächennutzungsplan Buchholz - Amt Odervorland Gemeinde Steinhöfel OT Buchholz,"Der Flächennutzungsplan enthält als vorbereitender Bauleitplan ein Bodennutzungskonzept für das gesamte Gemeindegebiet, welches der Umsetzung durch Bebauungspläne bzw. durch Satzungen bedarf.","amt-odervorland, bauleitplanung, erdbeobachtung-und-umwelt, flächennutzungsplan, fnp, opendata, ot-buchholz, planung, steinhöfel","REGI, GOVE",3,"HTML, WFS_SRVC, WMS_SRVC",dl-by-de/2.0,N2eb3054f5342484486fbaa721fabf6ed,True,True,https://www.geoportal-amt-odervorland.de/,N51ec7ea516e246f2855a8a6daa8103ac,True,,,,,
geo_open-data-portal-rheinland-pfalz.rdf,data/sample_2026-06-25_09-57/geo_open-data-portal-rheinland-pfalz.rdf,https://www.govdata.de/dataset/von-brule-strasse-1-vereinfachte-anderung,c6185903-54e4-47e1-aa40-f1006c77ee0a,geo,open-data-portal-rheinland-pfalz,Von-Brulé-Straße 1. vereinfachte Änderung,1. vereinfachte Änderung,inspireidentifiziert,"ECON, ENVI",6,"HTML, WMS_SRVC","dl-by-de/2.0, licenses/cc-zero",,False,True,https://www.geoportal.rlp.de/mapbender/php/mod_exportIso19139.php?url=https%3A%2F%2Fwww.geoportal.rlp.de%2Fmapbender%2Fphp%2Fmod_dataISOMetadata.php%3FoutputFormat%3Diso19139%26id%3D74f3e8c1-08c5-5901-a371-049e2ed04742,8fbc32d8-8543-6bf0-e6d8-74168c4a2759,False,,,,,
geo_open-data-portal-rheinland-pfalz_02.rdf,data/sample_2026-06-25_09-57/geo_open-data-portal-rheinland-pfalz_02.rdf,https://www.govdata.de/dataset/atkis-basis-dlm-rp,ae9b8f3e-d6e5-465d-9062-7a37a55e1d4f,geo,open-data-portal-rheinland-pfalz,ATKIS Basis-DLM RP,"Digitale Landschaftsmodelle (DLM) beschreiben die Landschaft und das Relief der Erdoberfläche in Form von topographischen Objekten. In den DLM wird die Landschaft systematisch strukturiert und beschrieben (Fachobjekte, Attribute und Wertearten). Der Inhalt des Basis-DLM ist im Objektartenkatalog ATKIS®-Rheinland-Pfalz (ATKIS®-OK RP) festgelegt.","19.854, 2f23ed6e-0186-4c2b-8380-748389036509, bodenbedeckung, digitale-landschaftsmodelle, dlmnas, inspireidentifiziert, land-cover, novafactory, opendata, regierung-und-öffentlicher-sektor, rp","ENVI, REGI, ECON, GOVE, TRAN, TECH",99,"HTML, WFS_SRVC, WMS_SRVC","dl-by-de/2.0, licenses/cc-zero",,False,True,https://www.geoportal.rlp.de/mapbender/php/mod_exportIso19139.php?url=https%3A%2F%2Fwww.geoportal.rlp.de%2Fmapbender%2Fphp%2Fmod_dataISOMetadata.php%3FoutputFormat%3Diso19139%26id%3D9ab1d827-ec73-93ff-9863-e4b2f47caeaf,50b3bdde-1157-2d4b-9c3d-346ec71a7202,False,,,,,
geo_open-data-portal-rheinland-pfalz_03.rdf,data/sample_2026-06-25_09-57/geo_open-data-portal-rheinland-pfalz_03.rdf,https://www.govdata.de/dataset/sagmuhlweg-vi-anderung-m-erweiterung-6-anderung,4f5cf34d-9b33-47b9-9848-7da8c0a2fad9,geo,open-data-portal-rheinland-pfalz,"Sägmühlweg, VI.Änderung m. Erweiterung 6.Änderung",Allgemeines Wohngebiet,inspireidentifiziert,"ECON, ENVI",6,"HTML, WMS_SRVC","dl-by-de/2.0, licenses/cc-zero",,False,True,https://www.geoportal.rlp.de/mapbender/php/mod_exportIso19139.php?url=https%3A%2F%2Fwww.geoportal.rlp.de%2Fmapbender%2Fphp%2Fmod_dataISOMetadata.php%3FoutputFormat%3Diso19139%26id%3Db32300e9-42a5-dbe1-2e28-c76f2b754edd,f2aff40e-d2e4-23a5-3fe5-54f93c5debfe,False,,,,,
geo_open-data-portal-rheinland-pfalz_04.rdf,data/sample_2026-06-25_09-57/geo_open-data-portal-rheinland-pfalz_04.rdf,https://www.govdata.de/dataset/dorf-und-festplatz,02510572-b69d-4e28-8fb8-e39d8936d9bc,geo,open-data-portal-rheinland-pfalz,Dorf- und Festplatz,"Bebauungsplan ""Dorf- und Festplatz"" der Ortsgemeinde Ediger-Eller, Ortsteil Eller",inspireidentifiziert,"ECON, ENVI",6,"HTML, WMS_SRVC","dl-by-de/2.0, licenses/cc-zero",,False,True,https://www.geoportal.rlp.de/mapbender/php/mod_exportIso19139.php?url=https%3A%2F%2Fwww.geoportal.rlp.de%2Fmapbender%2Fphp%2Fmod_dataISOMetadata.php%3FoutputFormat%3Diso19139%26id%3D6b71fc2b-b0a0-4379-8506-30a0c1ae7a67,9f7872a0-187b-6314-8f37-6452a911b51c,False,,,,,
geo_open-data-portal-rheinland-pfalz_05.rdf,data/sample_2026-06-25_09-57/geo_open-data-portal-rheinland-pfalz_05.rdf,https://www.govdata.de/dataset/gwb-natrium,c0a92800-82ac-4103-833c-4e09cc293a18,geo,open-data-portal-rheinland-pfalz,GWB: Natrium,Darstellung von Natrium,"ag_geoinformation, eg-wasserrahmenrichtlinie, flusseinzugsgebiete, geodaten, geologie, gewässer, grundwasserkörper, grundwasserleiter, grundwasserschutz, hydrogeologie, lgb, rheinland-pfalz, trinkwasserschutzgebiet, wasserschutz, wasserschutzgebiet","REGI, TECH",8,"HTML, WFS_SRVC, WMS_SRVC","dl-by-de/2.0, licenses/cc-zero",,False,True,https://www.geoportal.rlp.de/mapbender/php/mod_exportIso19139.php?url=https%3A%2F%2Fwww.geoportal.rlp.de%2Fmapbender%2Fphp%2Fmod_dataISOMetadata.php%3FoutputFormat%3Diso19139%26id%3D71f09e19-dd25-4285-be96-a0b9bdbc5d8e,45e43076-7570-4c1e-761e-7c42a5cb572e,False,,,,,
geo_rest.rdf,data/sample_2026-06-25_09-57/geo_rest.rdf,https://www.govdata.de/dataset/01001_bp_osterallee_ost_westlicher_teil_276_urschrift9d8a0,ba8c783a-b125-42fa-98a0-74e03e3e2caa,geo,rest,01001_BP_Osterallee_Ost_westlicher_teil_276_Urschrift,Der Bebauungsplan (B-Plan) 01001_BP_Osterallee_Ost_westlicher_teil_276_Urschrift wurde digital aufbereitet. Er bildet nach Satzungsbeschluss die Festsetzungen für die städtebauliche Ordnung ab und stellt Teile der verbindlichen Bauleitplanung der Gebietskörperschaft Kreisfreie Stadt Flensburg dar. Das amtliche Dokument mit den rechtsverbindlichen Festsetzungen ist bei der zuständigen Stelle hinte…,"bauleitplan, bauleitplanung, opendata, osterallee-ost-westlicher-teil, raumplanung, xplanung, öffentliche-verwaltung","REGI, GOVE",2,"GML, WMS_SRVC",dl-by-de/2.0,noLimitations,True,True,https://sh.xplanungsplattform.de/xplan-wms/services/planwerkwms/planname/Osterallee-Ost%20%28westlicher%20Teil%29?request=GetCapabilities&service=WMS&version=1.3.0,flensburg,True,,,,,
geo_rest_02.rdf,data/sample_2026-06-25_09-57/geo_rest_02.rdf,https://www.govdata.de/dataset/test-beds-reallabore-prufzentren,5b49f928-dde3-4344-97a1-896048cb7a1d,geo,rest,"Test-Beds, Reallabore, Prüfzentren",,,TECH,1,GEOJSON,dl-by-de/2.0,,True,True,https://metropolatlas.digitale-mrn.de/geodata/innoradar/InnoRadar_02_Test-Beds.geojson,www.m-r-n.com,False,,,,,
geo_rest_03.rdf,data/sample_2026-06-25_09-57/geo_rest_03.rdf,https://www.govdata.de/dataset/lgrb-bw-hw_hyd-uran,76aae6f7-113b-47dd-a58f-d5228777f0ff,geo,rest,LGRB-BW HW_HYD: Uran,"Die vorliegende Auswertung zeigt für Baden-Württemberg die geogenen Hintergrundkonzentrationen einer Vielzahl von Grundwasserinhaltsstoffen in Abhängigkeit von den durchflossenen Gesteinen. Sie liefert damit die Grundlage für die Definition von Warnwerten, Grenzwerten und Sanierungszielen in Regelwerken, in der Gesetzgebung und für die Praxis. Die Auswertung basiert auf Proben von oberflächennahe…","beschaffenheit, geodaten, geologie, grundwasser, opendata",,1,WMS_SRVC,licenses/other-closed,,False,True,https://services.lgrb-bw.de/ms/lgrb_hw_hyd?REQUEST=GetCapabilities&SERVICE=WMS&VERSION=1.3.0,N8fcb2ef0433a4df78defee81829c321f,True,,,,,
geo_rest_04.rdf,data/sample_2026-06-25_09-57/geo_rest_04.rdf,https://www.govdata.de/dataset/s-dickenhardt-teilbereich-schubert-sieder-und-salinenstrasse-anderung-s_m_ii_3_2005_1aacdf,198faa8c-d117-4bc3-a32e-1fffaaabe00a,geo,rest,"S - Dickenhardt Teilbereich Schubert-, Sieder- und Salinenstraße ÄNDERUNG / S_M_II_3_2005_1","Bebauungsplan der Stadt Villingen-Schwenningen. Nicht selbständige Änderung von S_M_II_3_1983, textl. Änderung GE/GI-Gebiet. Der Bebauungsplan enthält die rechtsverbindlichen Festsetzungen für die städtebauliche Ordnung. Grundsätzlich gilt, dass der Bebauungsplan aus dem Flächennutzungsplan zu entwickeln ist.","bauleitplanung, bauwesen-und-gebaute-umwelt-bauen, bebauung, bebauungsplan, bodennutzung, gdb-gdi-bw, gewerbe, inspireidentifiziert, landschaftsplanung, lokal, ngdb-gdi-de, opendata, raumordnung, verkehr, villingen-schwenningen","GOVE, REGI",7,"PDF, WFS_SRVC, WMS_SRVC, ZIP",dl-by-de/2.0,,True,True,https://apps.villingen-schwenningen.de/linkdata/BPlan/L/S_M_II_3_2005_1_LEGENDE-PLANKOPF.pdf,Nf50742b47bbb4e84bf78b7e292fcaca6,True,,,,,
geo_rest_05.rdf,data/sample_2026-06-25_09-57/geo_rest_05.rdf,https://www.govdata.de/dataset/hochwasserkarten-2019-flusshochwasser,59bfe07b-fc6e-42e2-8cee-51d9ce6baed0,geo,rest,Hochwasserkarten 2019 - Flusshochwasser,"Seit dem 26. November 2007 ist die „Richtlinie über die Bewertung und das Management von Hochwasserrisiken“ (HWRL) der EU in Kraft. Ziel der HWRL ist es, einen Rahmen für die Bewertung und das Management von Hochwasserrisiken zur Verringerung der hochwasserbedingten nachteiligen Folgen auf die menschliche Gesundheit, die Umwelt, das Kulturerbe und wirtschaftliche Tätigkeiten in der Gemeinschaft z…","flusshochwasser, gefahrenkarten, hochwasser, risikokarten",ENVI,3,"GDB, MXD, QGS",dl-by-de/2.0,PUBLIC,True,True,https://opendata.schleswig-holstein.de/dataset/e9e01a74-9ebc-417b-a4ea-20b3b7486881/resource/55a9f1ac-d7d9-4ca0-b058-a25ed475c95b/download/hwgk_hwrk_2019_flusshochwasser_webmapservice.qgz,melund,False,,,,,
geo_transparenzportal-hamburg.rdf,data/sample_2026-06-25_09-57/geo_transparenzportal-hamburg.rdf,https://www.govdata.de/dataset/teilbebauungsplan-tb-913-hamburg1d989,dd054dfd-cf14-41bb-af5e-767e958ce484,geo,transparenzportal-hamburg,Teilbebauungsplan TB 913 Hamburg,"Bezirk: Eimsbüttel, Stadtteil: Stellingen, Ortsteil: 321, Planbezirk: Schulfläche an der Gutenbergstraße","hamburgisches-bebauungsplangesetz-vom-31.10.1923--bplang, plis, teilbebauungsplan, öffentliche-pläne",REGI,3,"GML, HTML, PDF",dl-by-de/2.0,by-2-0,False,True,https://geodienste.hamburg.de/HH_WFS_xplan_dls?service=WFS&request=GetFeature&version=2.0.0&resolvedepth=%252A&StoredQuery_ID=urn:ogc:def:query:OGC-WFS::PlanName&planName=TB913,Na501e3642c544505b7318c37cbbf0ee8,True,,,,,
geo_transparenzportal-hamburg_02.rdf,data/sample_2026-06-25_09-57/geo_transparenzportal-hamburg_02.rdf,https://www.govdata.de/dataset/bebauungsplan-eimsbuttel-27-hamburgd0c9f,91f270a7-c049-4e36-8bc1-e67ba6999753,geo,transparenzportal-hamburg,Bebauungsplan Eimsbüttel 27 Hamburg,"Der Bebauungsplan Eimsbüttel 27 für den Geltungsbereich Kieler Straße-Alter Weg-Högenstraße-Rellinger Straße- Armbruststraße (Bezirk Eimsbüttel, Ortsteil 304) wird festgestellt.","baugesetzbuch--baugb, baunutzungsverordnung--baunvo, plis, öffentliche-pläne",REGI,4,"GML, HTML, PDF",dl-by-de/2.0,by-2-0,False,True,https://geodienste.hamburg.de/HH_WFS_xplan_dls?service=WFS&request=GetFeature&version=2.0.0&resolvedepth=%252A&StoredQuery_ID=urn:ogc:def:query:OGC-WFS::PlanName&planName=Eimsbuettel27,N23a6eee2b11e460e91266718c5fa357a,True,,,,,
geo_transparenzportal-hamburg_03.rdf,data/sample_2026-06-25_09-57/geo_transparenzportal-hamburg_03.rdf,https://www.govdata.de/dataset/bebauungsplan-bramfeld-20-hamburg,35074d40-32d4-4d64-b390-3a97c585ff45,geo,transparenzportal-hamburg,Bebauungsplan Bramfeld 20 Hamburg,"Der Bebauungsplan Bramfeld 20 für den Geltungsbereich Fabriciusstraße - Bräsigweg - Bramfelder Chaussee - Seekamp (Bezirk Wandsbek, Ortsteil 515) wird festgestellt.","baugesetzbuch--baugb, baunutzungsverordnung--baunvo, plis, öffentliche-pläne",REGI,4,"GML, HTML, PDF",dl-by-de/2.0,by-2-0,False,True,https://geodienste.hamburg.de/HH_WFS_xplan_dls?service=WFS&request=GetFeature&version=2.0.0&resolvedepth=%252A&StoredQuery_ID=urn:ogc:def:query:OGC-WFS::PlanName&planName=Bramfeld20,Nd2c79b788bf14fd4b61a44c784608380,True,,,,,
geo_transparenzportal-hamburg_04.rdf,data/sample_2026-06-25_09-57/geo_transparenzportal-hamburg_04.rdf,https://www.govdata.de/dataset/bebauungsplan-neuenfelde-11-francop-6-cranz-4-hamburg,754fece6-ae81-43a2-a5f8-a562b857d804,geo,transparenzportal-hamburg,Bebauungsplan Neuenfelde 11-Francop 6-Cranz 4 Hamburg,"Der Bebauungsplan Neuenfelde 11/Francop 6/Cranz 4 für die in der Anlage mit durchgehenden schwarzen Linien umgrenzten Geltungsbereiche zwischen der Landesgrenze Niedersachsen und der östlichen Stadtteilgrenze Francop (Bezirk Harburg, Ortsteile 720, 719, 721) wird festgestellt. Das Gebiet wird wie folgt begrenzt: Bereiche in Cranz und Neuenfelde (Blätter 1 und 2 der Anlage), und zwar Flächen südli…","baugesetzbuch--baugb, baunutzungsverordnung--baunvo, plis, öffentliche-pläne",REGI,4,"GML, HTML, PDF",dl-by-de/2.0,by-2-0,False,True,https://geodienste.hamburg.de/HH_WFS_xplan_dls?service=WFS&request=GetFeature&version=2.0.0&resolvedepth=%252A&StoredQuery_ID=urn:ogc:def:query:OGC-WFS::PlanName&planName=Neuenfelde11-Francop6-Cranz4,N92025227615b4ec68a9edfa8848de480,True,,,,,
geo_transparenzportal-hamburg_05.rdf,data/sample_2026-06-25_09-57/geo_transparenzportal-hamburg_05.rdf,https://www.govdata.de/dataset/durchfuhrungsplan-d-112-hamburg18147,d033cd33-fc35-48a1-a9dc-8a6966036251,geo,transparenzportal-hamburg,Durchführungsplan D 112 Hamburg,"Bezirk: Hamburg-Mitte, Stadtteil: Horn, Ortsteil: 129, Planbezirk: Hertogestraße, Beim Rauhen Hause, Bauerberg, Horner Landstraße","aufbaugesetz-vom-11.04.1949--aufbaug, baupolizeiverodnung-vom-08.06.1938--bpvo, durchführungsplan, plis, öffentliche-pläne",REGI,3,"GML, HTML, PDF",dl-by-de/2.0,by-2-0,False,True,https://geodienste.hamburg.de/HH_WFS_xplan_dls?service=WFS&request=GetFeature&version=2.0.0&resolvedepth=%252A&StoredQuery_ID=urn:ogc:def:query:OGC-WFS::PlanName&planName=D112,N090be2f4c13546c8b1e84555d06bf716,True,,,,,
non_geo_gdi-de.rdf,data/sample_2026-06-25_09-57/non_geo_gdi-de.rdf,https://www.govdata.de/dataset/bebauungsplan-nr-g-2-1-anderung-1,970e0549-b37e-49cb-9105-ddc78a296eb8,non_geo,gdi-de,Bebauungsplan Nr. G 2 (1. Änderung),Bebauungsplan Nr. G 2 (1. Änderung) im Datenformat INSPIRE PLU Version 4.0.1,"b-plan, harvestlkleer, inspireidentifiziert, landkreis-leer, opendata, stadt-leer","REGI, GOVE",2,onLine,dl-zero-de/2.0,noLimitations,True,True,https://inspire.govconnect.de/services/bsp/org.138.27934826-35ec-498a-a558-5eb586630381/service/atom/id_predefined_dataset,N97f210ebcc5d45b8a3b26c81b08b443a,True,,,,,
non_geo_gdi-de_02.rdf,data/sample_2026-06-25_09-57/non_geo_gdi-de_02.rdf,https://www.govdata.de/dataset/12910-dibenzopyrene-al-im-trockenen-sediment-20218311d,210e8b79-9231-44c3-830a-f0895e6f50ae,non_geo,gdi-de,"1,2,9,10 Dibenzopyrene (a,l) im trockenen Sediment 2021","Im Rahmen des gemeinsamen Bund/Länder-Messprogramms für die Nord- und Ostsee und weiterer Überwachungsprogramme wurde der Parameter ""1,2,9,10 Dibenzopyrene (a,l) im trockenen Sediment"" im Sediment bestimmt.","2021, baltic-sea, bsh, bundesamt-für-seeschifffahrt-und-hydrographie, dbalp, federal-maritime-and-hydrographic-agency, monitoring, national, nordsee, north-sea, open-data, opendata, ostsee, pyrene, sediment","AGRI, ENVI, REGI, TECH, TRAN",2,"TXT, XML",dl-by-de/2.0,N8758e52641c0499a8868e1789eaca5b7,True,True,https://gdi.bsh.de/de/feed/dibenzo-a-l-pyrene-in-dry-sediment-2021.xml,Nad0a086f8a484a4a89820c8a085c8cdf,True,,,,,
non_geo_gdi-de_03.rdf,data/sample_2026-06-25_09-57/non_geo_gdi-de_03.rdf,https://www.govdata.de/dataset/hauptstrasse-leeste-ursprungsplan,f7f8a449-906a-4649-a43e-6a123afc9f07,non_geo,gdi-de,Hauptstraße (Leeste) (Ursprungsplan),Hauptstraße (Leeste) (Ursprungsplan) im Datenformat INSPIRE PLU Version 4.0.1,"b-plan, gemeinde-weyhe, inspireidentifiziert, landkreis-diepholz, opendata, pminspireharvestlkdh","REGI, GOVE",2,onLine,dl-zero-de/2.0,noLimitations,True,True,https://inspire.govconnect.de/services/bsp/org.74.9fc37046-3b77-4282-8331-fe5ab40b4496/service/atom/id_predefined_dataset,N3929949368e54657a961955862e26bdc,True,,,,,
non_geo_gdi-de_04.rdf,data/sample_2026-06-25_09-57/non_geo_gdi-de_04.rdf,https://www.govdata.de/dataset/mak-1-1-am-friedhof-1-anderung,72d4c715-4e80-48a5-a0d0-7a8d6bed0024,non_geo,gdi-de,Mak - 1.1 Am Friedhof (1. Änderung),Mak - 1.1 Am Friedhof (1. Änderung) im Datenformat INSPIRE PLU Version 4.0.1,"b-plan, gemeinde-bahrdorf, gemeinde-danndorf, gemeinde-grafhorst, gemeinde-groß-twülpstedt, gemeinde-velpke, inspireidentifiziert, landkreis-helmstedt, opendata, pminspireharvestlkhe, samtgemeinde-velpke","REGI, GOVE",2,onLine,dl-zero-de/2.0,noLimitations,True,True,https://inspire.govconnect.de/services/bsp/org.62.b97b0be0-8c86-4c10-8442-5dbcf28073c5/service/atom/id_predefined_dataset,N117f05982e334bcdb58023ec7e983a52,True,,,,,
non_geo_gdi-de_05.rdf,data/sample_2026-06-25_09-57/non_geo_gdi-de_05.rdf,https://www.govdata.de/dataset/kindergarten-martfeld-ursprungsplan,10dbaae2-12aa-4afe-aae7-c4e9682a51c6,non_geo,gdi-de,Kindergarten Martfeld (Ursprungsplan),Kindergarten Martfeld (Ursprungsplan),"b-plan, bruchhausen-vilsen, landkreis-diepholz, opendata, pminspireharvestlkdh, xplanung","REGI, GOVE",2,onLine,dl-zero-de/2.0,noLimitations,True,True,https://inspire.govconnect.de/ows/services/org.101.1ad7687c-355b-403b-8679-0fa31c4d4835_wfs/org.101.ae79c212-9650-4a75-967f-22d0d0c65df0?SERVICE=WFS&Request=GetCapabilities,N4bd6360772cc4c8799962f0d836e33ae,True,,,,,
non_geo_land-schleswig-holstein.rdf,data/sample_2026-06-25_09-57/non_geo_land-schleswig-holstein.rdf,https://www.govdata.de/dataset/bevolkerungsstand-nach-altersgruppen-in-havetoft-am-31-12,0d017960-411b-4c51-8d0f-cce8ca0b348a,non_geo,land-schleswig-holstein,Bevölkerungsstand nach Altersgruppen in Havetoft am 31.12.,Bevölkerung - Bevölkerungsstand (Amtliche Bevölkerungsfortschreibung) - Bevölkerungsstand nach Altersgruppen in Havetoft am 31.12. [Zum HTML-Angebot der Zeitreihe](https://region.statistik-nord.de/detail_timeline/13/1102/5/1/352/1111/) [Regionaldaten für Schleswig-Holstein](https://region.statistik-nord.de/main/1) Statistisches Amt für Hamburg und Schleswig-Holstein,"altersgruppen, bevölkerung, bevölkerungsstand, bevölkerungsstand-amtliche-bevölkerungsfortschreibung, bevölkerungsstand-nach-altersgruppen, havetoft-am-31.12.",SOCI,1,CSV,dl-by-de/2.0,PUBLIC,True,True,https://region.statistik-nord.de/detail_timelineexport/13/1102/5/1/352/1111/,statistikamt-nord,False,,,,,
non_geo_land-schleswig-holstein_02.rdf,data/sample_2026-06-25_09-57/non_geo_land-schleswig-holstein_02.rdf,https://www.govdata.de/dataset/siedlungs-und-verkehrsflachen-nach-nutzungsartengruppen-in-brodersby-goltoft,af56035c-627a-44e4-9e63-5c42da9b29b6,non_geo,land-schleswig-holstein,Siedlungs- und Verkehrsflächen nach Nutzungsartengruppen in Brodersby-Goltoft,"Gebiet, Fläche - Gebiet - Siedlungs- und Verkehrsflächen nach Nutzungsartengruppen in Brodersby-Goltoft [Zum HTML-Angebot der Zeitreihe](https://region.statistik-nord.de/detail_timeline/12/1101/31/1/352/282667/) [Regionaldaten für Schleswig-Holstein](https://region.statistik-nord.de/main/1) Statistisches Amt für Hamburg und Schleswig-Holstein","brodersby-goltoft, davon-nach-nutzungsartengruppen, fläche, gebiet, nutzungsartengruppen, siedlungs-, verkehrsflächen",SOCI,1,CSV,dl-by-de/2.0,PUBLIC,True,True,https://region.statistik-nord.de/detail_timelineexport/12/1101/31/1/352/282667/,statistikamt-nord,False,,,,,
non_geo_land-schleswig-holstein_03.rdf,data/sample_2026-06-25_09-57/non_geo_land-schleswig-holstein_03.rdf,https://www.govdata.de/dataset/bundestagswahl-verteilung-der-gultigen-zweitstimmen-in-stormarn,a5d537e5-497f-434e-9ff3-9e9bedd1099d,non_geo,land-schleswig-holstein,Bundestagswahl: Verteilung der gültigen Zweitstimmen in Stormarn,Wahlen - Bundestagswahl am ZEITSTEMPEL - Bundestagswahl: Verteilung der gültigen Zweitstimmen in Stormarn [Zum HTML-Angebot der Zeitreihe](https://region.statistik-nord.de/detail_timeline/29/2402/40/1/355/) [Regionaldaten für Schleswig-Holstein](https://region.statistik-nord.de/main/1) Statistisches Amt für Hamburg und Schleswig-Holstein,"bundestagswahl-am-zeitstempel, bundestagswahl-verteilung-der-gültigen-zweitstimmen, stormarn, von-den-gültigen-zweitstimmen-entfallen-auf, wahlen",SOCI,1,CSV,dl-by-de/2.0,PUBLIC,True,True,https://region.statistik-nord.de/detail_timelineexport/29/2402/40/1/355/,statistikamt-nord,False,,,,,
non_geo_land-schleswig-holstein_04.rdf,data/sample_2026-06-25_09-57/non_geo_land-schleswig-holstein_04.rdf,https://www.govdata.de/dataset/wohngebaudebestand-nach-anzahl-der-wohnungen-in-grundhof,7688032a-dfb4-41cf-9eee-15ff029050d8,non_geo,land-schleswig-holstein,Wohngebäudebestand nach Anzahl der Wohnungen in Grundhof,"Bautätigkeit, Wohnen - Gebäude und Wohnungsbestand - Wohngebäudebestand nach Anzahl der Wohnungen in Grundhof [Zum HTML-Angebot der Zeitreihe](https://region.statistik-nord.de/detail_timeline/19/1501/2/1/352/1174/) [Regionaldaten für Schleswig-Holstein](https://region.statistik-nord.de/main/1) Statistisches Amt für Hamburg und Schleswig-Holstein","anzahl-der-wohnungen, bautätigkeit, davon, gebäude-und-wohnungsbestand, grundhof, wohnen, wohngebäudebestand",SOCI,1,CSV,dl-by-de/2.0,PUBLIC,True,True,https://region.statistik-nord.de/detail_timelineexport/19/1501/2/1/352/1174/,statistikamt-nord,False,,,,,
non_geo_land-schleswig-holstein_05.rdf,data/sample_2026-06-25_09-57/non_geo_land-schleswig-holstein_05.rdf,https://www.govdata.de/dataset/grundwasserstand-messstelle-6193-osterbyholz-nord-f2-st04,1b0fbf69-47a1-4df1-822b-e5fe2b1f0b64,non_geo,land-schleswig-holstein,Grundwasserstand Messstelle 6193 Osterbyholz Nord F2 - ST04,"Alle Daten sind Rohdaten ohne Gewähr. Das Land Schleswig-Holstein übernimmt keine Gewähr für die Aktualität, Korrektheit, Vollständigkeit oder Qualität der dargestellten Informationen. Haftungsansprüche sind grundsätzlich ausgeschlossen. [Informationen zur Messstelle](https://umweltanwendungen.schleswig-holstein.de/db/dbnuis?thema=lgdms&ubs=ja&kopf&ms_nr=10L58123003) Der Datensatz enthält folgend…","grundwasserstand, in-betrieb, messstelle, st04",ENVI,2,"CSV, JSON",dl-by-de/2.0,PUBLIC,True,True,https://umweltanwendungen.schleswig-holstein.de/GrundwasserChemie/ganglinie_download.php?value_sdate=&inst_id=10&ortnr=100010499&von=&bis=&value_xunit=Zeit+t&value_yunit=H%F6he+in+mNN,lfu,True,,,,,
non_geo_open-data-bayern.rdf,data/sample_2026-06-25_09-57/non_geo_open-data-bayern.rdf,https://www.govdata.de/dataset/ebersberg-lkr-bevolkerung,ed2b1d63-849d-450c-8269-57f772a687a9,non_geo,open-data-bayern,Ebersberg (Lkr): Bevölkerung,"Gemeinden, Bevölkerung, Stichtage","bevoelkerungsumfang, bevölkerung, ebersberg-lkr, einwohner, einwohnerzahl, einwohnerzahlen, fortschreibung-des-bevölkerungsstandes, gemeinden-bayerns-einschl.-gemeindefreie-gebiete, stichtag",SOCI,4,"CSV, XLS, XML",cc-by/4.0,,False,True,https://www.statistikdaten.bayern.de/genesis/online?operation=download&code=12411-001&option=xlsx&regionalschluessel=09175%2A,N4967146dde994e3d9d227d4cf37ebb2c,True,,,,,
non_geo_open-data-bayern_02.rdf,data/sample_2026-06-25_09-57/non_geo_open-data-bayern_02.rdf,https://www.govdata.de/dataset/wissenschaftliche-bibliotheken-15-geowissenschaften-bergbau-in-2017,6ff2af01-042c-4d9c-9582-2bf446dd1567,non_geo,open-data-bayern,"Wissenschaftliche Bibliotheken: 15: Geowissenschaften, Bergbau in 2017","Die deutsche Bibliotheksstatistik (DBS) stellt die nationale Statistik des deutschen Bibliothekswesens dar und beinhaltet statistische Kennzahlen. Sie umfasst öffentliche Bibliotheken, wissenschaftliche Bibliotheken, sowie wissenschaftliche Spezialbibliotheken. Mehr Informationen dazu gibt es bei der [DBS](https://www.bibliotheksstatistik.de/). Dieser Datensatz beinhaltet folgende Informationen z…","ausgaben-insgesamt, bestand-gekaufte, bibliotheken, bibliotheksstatistik, darunter-ausgaben-für-gedruckte-bücher, darunter-ausgaben-für-laufend-gehaltene, dbs, gedruckte-zeitschriften-und-zeitungen, laufend-gehaltene, zugang-gedruckte-bücher",EDUC,2,"CSV, XLSX",licenses/cc-zero,,True,True,https://europe-west3-open-data-bayern.cloudfunctions.net/dbs-downloader?bibtype=WB&year=2017&format=xlsx&attrib=f96_ausg_geo%2Cf97_buech_geo%2Cf98_zeit_geo%2Cf99_zu_geo%2Cf100_lfdz_geo,N773fc82dd4f948e685826212b0d31463,True,,,,,
non_geo_open-data-bayern_03.rdf,data/sample_2026-06-25_09-57/non_geo_open-data-bayern_03.rdf,https://www.govdata.de/dataset/buxheim-lebendgeborene,b780496b-4071-4f6a-9d3b-06edb2bb7a8c,non_geo,open-data-bayern,Buxheim: Lebendgeborene,"Gemeinden, Lebendgeborene, Geschlecht, Jahr","berichtsjahr, buxheim, gemeinden-bayerns-einschl.-gemeindefreie-gebiete, geschlecht, lebendgeborene, männlich, statistik-der-geburten, weiblich",SOCI,4,"CSV, XLS, XML",cc-by/4.0,,False,True,https://www.statistikdaten.bayern.de/genesis/online?operation=download&code=12612-003z&option=xml&regionalschluessel=09778123&regionalmerkmal=GEMEIN,Nf45977d760c540919ad023697449672c,True,,,,,
non_geo_open-data-bayern_04.rdf,data/sample_2026-06-25_09-57/non_geo_open-data-bayern_04.rdf,https://www.govdata.de/dataset/automatische-zahlstellen-auf-der-bundesstrasse-b85-2019,f5ad69ce-0c43-4c82-bc1f-158e81a45e93,non_geo,open-data-bayern,Automatische Zählstellen auf der Bundesstraße B85 - 2019,Auf Deutschlands Autobahnen und außerörtlichen Bundesstraßen werden an automatischen Zählstellen alle Fahrzeuge permanent gezählt. Je nach eingesetztem Gerätetyp können bis zu neun Fahrzeugarten unterschieden werden. Die Daten werden von der Autobahn GmbH des Bundes (AdB) sowie den Bundesländern erhoben und der BASt monatlich übermittelt. Auf dieser Basis werden Jahresfahrleistungen und durchschn…,"2019, b85, bundesstraße, lkw, pkw, verkehrszählung",TRAN,4,CSV,cc-by/4.0,,True,True,https://www.bast.de/videos/2019/zst9210.zip,Nd7455fff74b944d5b08cf10453cdc007,True,,,,,
non_geo_open-data-bayern_05.rdf,data/sample_2026-06-25_09-57/non_geo_open-data-bayern_05.rdf,https://www.govdata.de/dataset/waldkirchen-st-baufertigstellungen,ed0e0378-2ba3-4e08-bbf9-81e91141f6db,non_geo,open-data-bayern,"Waldkirchen, St: Baufertigstellungen","Gemeinden, Wohnungen, Raumzahl, Jahre","1-raum, 2-räume, 3-räume, 4-räume, 5-räume, 6-räume, 7-oder-mehr-räume, baufertigstellung, baufertigstellungen, berichtsjahr, fertigstellungen, gemeinden-einschl.-gemeindefreie-gebiete, nach-raumzahl, neubauten, neubautätigkeit",ECON,4,"CSV, XLS, XML",cc-by/4.0,,False,True,https://www.statistikdaten.bayern.de/genesis/online?operation=download&code=31121-006z&option=csv&regionalschluessel=09272151&regionalmerkmal=GEMEIN,N597bd89883424f0ab7a44d6abfa464d5,True,,,,,
non_geo_open-data-brandenburg.rdf,data/sample_2026-06-25_09-57/non_geo_open-data-brandenburg.rdf,https://www.govdata.de/dataset/atkis-digitales-basis-landschaftsmodell-3248-sw-gruntal,cd990c36-19f7-43fa-9988-2ce518f33d5d,non_geo,open-data-brandenburg,ATKIS - Digitales Basis-Landschaftsmodell - 3248-SW Grüntal,"Das Digitale Basis-Landschaftsmodell (ATKIS-Basis-DLM) ist ein digitaler, objektstrukturierter Vektordatenbestand. Er bestimmt die topographischen Objekte der realen Welt nach Lage und Form, nach Namen und Eigenschaften. Des Weiteren sind objektbezogene Sachdaten so verknüpft, dass der Datenbestand in einer GIS-Anwendung genutzt werden kann. Um eine bundesweite inhaltliche Einheitlichkeit der Dat…","110.000, 125.000, 150.000, basis-dlm, bodenbedeckung, karte, opendata, vektordaten, verkehr, vermessung","GOVE, ENVI, AGRI, REGI, TECH",2,HTML,dl-by-de/2.0,N29d94206350c4300befa7aa65c296fc0,True,True,https://geobroker.geobasis-bb.de/gbss.php?MODE=GetProductInformation&PRODUCTID=d2eaa212-f68d-4e2d-a7e7-8e8063d1b855,Nec3b71f92209496db8712212b2c967b9,True,,,,,
non_geo_open-data-brandenburg_02.rdf,data/sample_2026-06-25_09-57/non_geo_open-data-brandenburg_02.rdf,https://www.govdata.de/dataset/vorhabenbezogener-bebauungsplan-einzelarztpraxis-schemel-amt-bruck-stadt-bruck-wms,ec732612-be47-4313-ac9d-d733afd9532d,non_geo,open-data-brandenburg,Vorhabenbezogener Bebauungsplan Einzelarztpraxis Schemel - Amt Brück Stadt Brück (WMS),"Der Vorhabenbezogene Bebauungsplan setzt als verbindlicher Bauleitplan eine objektbezogene Vorhabensplanung in unmittelbar geltendes Recht um. Für ihn gelten dieselben Regelungen, die auch für den Bebauungsplan maßgeblich sind.","bauleitplanung, infomapaccessservice, opendata, planung",,1,,dl-by-de/2.0,N21cee9b54b474077b3192df459b74a1a,True,True,https://www.geoportal-amt-brueck.de/isk/bp20a?,Nce0ce65e754f4f11a07ec2ee189934b4,True,,,,,
non_geo_open-data-brandenburg_03.rdf,data/sample_2026-06-25_09-57/non_geo_open-data-brandenburg_03.rdf,https://www.govdata.de/dataset/topographische-karte-1-10-000-3251-so-neulewin-2009,30d8b9b8-6ac2-4e3c-9605-9fe9f14391bd,non_geo,open-data-brandenburg,Topographische Karte 1 : 10 000 - 3251-SO Neulewin (2009),"Die Topographische Karte im Maßstab 1:10.000 ist der Grundmaßstab der Topographischen Landeskartenwerke Brandenburgs. Die Erdoberfläche wird relativ vollständig (nur geringfügig generalisiert) und maßstabsbezogen geometrisch exakt dargestellt. Sie ist die kartographische Umsetzung einer umfassenden topographischen Landesaufnahme (photogrammetrische Luftbildauswertung, Einarbeitung topographischer…","110.000, historische-karte, karte, opendata, vermessung","AGRI, GOVE, TECH, ENVI, REGI",3,"HTML, PDF",dl-by-de/2.0,N8adac390ddc74ff28504799af8048bfc,True,True,https://data.geobasis-bb.de/geobasis/karten/topographische-karten/tk10/historisch/tk10_3251-so_2009.pdf,N41f7507eaa2b4b16a6e095f96c3a35fa,True,,,,,
non_geo_open-data-brandenburg_04.rdf,data/sample_2026-06-25_09-57/non_geo_open-data-brandenburg_04.rdf,https://www.govdata.de/dataset/topographische-karte-1-25-000-4245-kolochau-1994,20f0b2b9-bf92-41c6-8b83-f5c3e51e9689,non_geo,open-data-brandenburg,Topographische Karte 1 : 25 000 - 4245 Kolochau (1994),"Die Topographische Karte im Maßstab 1:25.000 ist eine aus dem Grundmaßstab (TK10) abgeleitete Karte. Die verschiedenen Erscheinungsformen der Erdoberfläche werden in maßstabsgerechter Generalisierung dargestellt. Zudem zeigt sie, neben vielen Einzelheiten wie Kirchen, Krankenhäusern und Bahnhöfen, auch die unterschiedliche Art der Bebauung. Die historischen Ausgaben der TK25 stehen aus verschiede…","125.000, historische-karte, karte, opendata, vermessung","REGI, GOVE, AGRI, TECH, ENVI",3,"HTML, PDF",dl-by-de/2.0,N6af437aa2b1c4edbbf612738571dbc20,True,True,https://geobasis-bb.de/lgb/de/geodaten/historische-karten/top-karten-ab-1991/,N18404793a6d14d5d9ad32f2f4eeeef9b,True,,,,,
non_geo_open-data-brandenburg_05.rdf,data/sample_2026-06-25_09-57/non_geo_open-data-brandenburg_05.rdf,https://www.govdata.de/dataset/flachennutzungsplan-stadt-bruck-mit-den-ortsteilen-baitz-und-neuendorf-1-anderung-amt-bruck-sta-1,5ca4d775-ee6d-4b36-9158-ddc67b3bd333,non_geo,open-data-brandenburg,"Flächennutzungsplan Stadt Brück mit den Ortsteilen Baitz und Neuendorf, 1. Änderung - Amt Brück Stadt Brück (WFS)","Der Flächennutzungsplan enthält als vorbereitender Bauleitplan ein Bodennutzungskonzept für das gesamte Gemeindegebiet, welches der Umsetzung durch Bebauungspläne bzw. durch Satzungen bedarf.","bauleitplanung, infofeatureaccessservice, opendata, planung",,1,,dl-by-de/2.0,N9c77bf7ec7804f6da423a4ff9fd913c3,True,True,https://www.geoportal-amt-brueck.de/isk/fp50?,N51f06ba5b33b4bdebd5fa723ddbf98de,True,,,,,
non_geo_rest.rdf,data/sample_2026-06-25_09-57/non_geo_rest.rdf,https://www.govdata.de/dataset/hochschulwechslerquoten-zum-masterstudium-nach-bundeslanderne6e59,36e8f7de-df90-47e8-afbf-90181182a8bc,non_geo,rest,Hochschulwechslerquoten zum Masterstudium nach Bundesländern,Tabelle 2.5.121: Hochschulwechslerquoten zum Masterstudium nach Bundesländern,"anzahl, art-des-studiums, baden-württemberg, bayern, berlin, brandenburg, bremen, bundesländer, frauen, geschlecht, hamburg, hessen, hochschulwechselquote, mecklenburg-vorpommern, männer",EDUC,4,"CSV, HTML, PDF, XLS",dl-by-de/2.0,,True,True,https://www.datenportal.bmftr.bund.de/portal/Tabelle-2.5.121.html,imprint.html#publisher,True,,,,,
non_geo_rest_02.rdf,data/sample_2026-06-25_09-57/non_geo_rest_02.rdf,https://www.govdata.de/dataset/umsatz-und-beschaftigte-in-ausgewahlten-dienstleistungsbereichen-hamburgs-veranderung-gegenuber9e07a,32fc8eb0-f578-4bfb-bc55-40f6afb819f2,non_geo,rest,Umsatz und Beschäftigte in ausgewählten Dienstleistungsbereichen Hamburgs - Veränderung gegenüber dem Vorjahresquartal,,"dienstleistungen, umsatz-und-beschäftigte-in-ausgewählten-dienstleistungsbereichen-hamburgs","AGRI, ECON",3,"PDF, XLS, ZIP",dl-by-de/2.0,by-2-0,False,True,https://www.statistik-nord.de/fileadmin/Dokumente/Statistische_Berichte/industrie__handel_und_dienstl/J_I_vj_H/J_I_vj094_H.pdf,N7d55c0f53ba5459abf68f7a231e3ae08,True,,,,,
non_geo_rest_03.rdf,data/sample_2026-06-25_09-57/non_geo_rest_03.rdf,https://www.govdata.de/dataset/bilanz-der-stadt-arnsberg-fur-2008,21699706-4a1d-4f27-9b05-face084e469d,non_geo,rest,Bilanz der Stadt Arnsberg für 2008,Der Datensatz enthält die Bilanz der Stadt Arnsberg für das Jahr 2008. Für jedes Jahr wird ein neuer Datensatz angelegt.,"arnsberg, bilanz, finanzen",ECON,1,CSV,dl-zero-de/2.0,,True,False,https://www.arnsberg-daten.de/open-data/haushalt/bilanzen/bilanz-20081231.csv,N6321a850d9604652b1020a6269a1b176,True,,,,,
non_geo_rest_04.rdf,data/sample_2026-06-25_09-57/non_geo_rest_04.rdf,https://www.govdata.de/dataset/kommunalprofil-betriebe-beschaftigte-und-umsatz-imbauhauptgewerbe-zeitreihe-4-jahre,4c5cfed9-6bda-4178-955f-f8aa5e9400eb,non_geo,rest,"Kommunalprofil: Betriebe, Beschäftigte und Umsatz imBauhauptgewerbe - Zeitreihe (4 Jahre)","Kommunalprofil: Betriebe, Beschäftigte und Umsatz imBauhauptgewerbe - Zeitreihe (4 Jahre)",,ECON,2,"CSV, XML",dl-by-de/2.0,,False,True,https://www.landesdatenbank.nrw.de/ldbnrwws/downloader/00/tables/44231-9k45_00.csv,N0111403113574b4b829a364cea6160c4,True,,,,,
non_geo_rest_05.rdf,data/sample_2026-06-25_09-57/non_geo_rest_05.rdf,https://www.govdata.de/dataset/mundliche-berichte-87,eae7d185-0c7b-4081-957e-5b5d28559291,non_geo,rest,Mündliche Berichte,Der Ministerrat nimmt die mündlichen Berichte zur Kenntnis.,"landtag, ministerrat, plenum, staatsvertrag, swr","SOCI, GOVE",1,PDF,licenses/other-closed,,False,True,https://upload.open.rlp.de/eakte/65838316-b695-4400-8fdc-6b088b45f141/resource/c06b7319-c198-4bb4-8388-14345f6e5569/download/top-08-mundliche-berichte-05.11.2024.pdf,N2bd7b0f25b084a52a4188bc9f36099e2,False,,,,,
