file,model_findability,model_accessibility,model_reusability,model_expressiveness,model_overall
geo_gdi-de.rdf,0.65,0.7777777777777778,0.6833333333333332,,0.7037037037037037
geo_gdi-de_02.rdf,0.6875,0.43333333333333335,0.725,,0.6152777777777777
geo_gdi-de_03.rdf,0.5625,0.5,0.725,,0.5958333333333333
geo_gdi-de_04.rdf,0.6875,0.5,0.6833333333333332,,0.623611111111111
geo_gdi-de_05.rdf,0.8125,0.37407777777777773,0.725,,0.6371925925925925
geo_open-data-brandenburg.rdf,0.625,0.8518555555555555,0.725,,0.7339518518518519
geo_open-data-brandenburg_02.rdf,0.625,0.8518555555555555,0.725,,0.7339518518518519
geo_open-data-brandenburg_03.rdf,0.625,0.8518555555555555,0.725,,0.7339518518518519
geo_open-data-brandenburg_04.rdf,0.625,0.8518555555555555,0.725,,0.7339518518518519
geo_open-data-brandenburg_05.rdf,0.625,0.8518555555555555,0.725,,0.7339518518518519
geo_open-data-portal-rheinland-pfalz.rdf,0.5,0.5555555555555556,0.5,,0.5185185185185185
geo_open-data-portal-rheinland-pfalz_02.rdf,0.5875,0.5238444444444444,0.5,,0.5371148148148148
geo_open-data-portal-rheinland-pfalz_03.rdf,0.5,0.5555555555555556,0.5,,0.5185185185185185
geo_open-data-portal-rheinland-pfalz_04.rdf,0.5,0.5555555555555556,0.5,,0.5185185185185185
geo_open-data-portal-rheinland-pfalz_05.rdf,0.5875,0.5555555555555556,0.5,,0.5476851851851853
geo_rest.rdf,0.75,0.8888888888888888,0.5916666666666667,,0.7435185185185186
geo_rest_02.rdf,0.375,0.8888888888888888,0.5,,0.5879629629629629
geo_rest_03.rdf,0.5,0.6666666666666666,0.5083333333333333,,0.5583333333333332
geo_rest_04.rdf,0.5875,0.6158666666666668,0.6416666666666667,,0.6150111111111111
geo_rest_05.rdf,0.625,0.7074111111111111,0.8333333333333334,,0.7219148148148148
geo_transparenzportal-hamburg.rdf,1.0,0.3222222222222222,0.6333333333333333,,0.6518518518518518
geo_transparenzportal-hamburg_02.rdf,1.0,0.28055555555555556,0.6333333333333333,,0.637962962962963
geo_transparenzportal-hamburg_03.rdf,1.0,0.28055555555555556,0.6333333333333333,,0.637962962962963
geo_transparenzportal-hamburg_04.rdf,1.0,0.28055555555555556,0.6333333333333333,,0.637962962962963
geo_transparenzportal-hamburg_05.rdf,1.0,0.3222222222222222,0.6333333333333333,,0.6518518518518518
non_geo_gdi-de.rdf,0.625,0.6055555555555556,0.8083333333333332,,0.6796296296296296
non_geo_gdi-de_02.rdf,0.775,0.6111111111111112,0.6749999999999999,,0.687037037037037
non_geo_gdi-de_03.rdf,0.625,0.6055555555555556,0.8083333333333332,,0.6796296296296296
non_geo_gdi-de_04.rdf,0.5875,0.6055555555555556,0.8083333333333332,,0.6671296296296295
non_geo_gdi-de_05.rdf,0.625,0.6333333333333333,0.8083333333333332,,0.6888888888888888
non_geo_land-schleswig-holstein.rdf,0.75,0.9666666666666666,0.6666666666666666,,0.7944444444444444
non_geo_land-schleswig-holstein_02.rdf,0.75,1.0,0.6666666666666666,,0.8055555555555555
non_geo_land-schleswig-holstein_03.rdf,0.8125,1.0,0.6666666666666666,,0.8263888888888888
non_geo_land-schleswig-holstein_04.rdf,0.75,1.0,0.6666666666666666,,0.8055555555555555
non_geo_land-schleswig-holstein_05.rdf,0.75,0.8277777777777777,0.7166666666666667,,0.7648148148148147
non_geo_open-data-bayern.rdf,0.5,0.5638888888888888,0.5916666666666667,,0.5518518518518518
non_geo_open-data-bayern_02.rdf,0.625,0.8333333333333334,0.7583333333333333,,0.7388888888888889
non_geo_open-data-bayern_03.rdf,0.5,0.6194444444444444,0.5499999999999999,,0.5564814814814815
non_geo_open-data-bayern_04.rdf,0.625,0.48888888888888893,0.5916666666666667,,0.5685185185185185
non_geo_open-data-bayern_05.rdf,0.375,0.6194444444444444,0.5916666666666667,,0.5287037037037037
non_geo_open-data-brandenburg.rdf,0.75,0.6666666666666666,0.725,,0.7138888888888889
non_geo_open-data-brandenburg_02.rdf,0.5,0.6666666666666666,0.725,,0.6305555555555555
non_geo_open-data-brandenburg_03.rdf,0.75,0.7407444444444444,0.725,,0.7385814814814814
non_geo_open-data-brandenburg_04.rdf,0.75,0.7407444444444444,0.725,,0.7385814814814814
non_geo_open-data-brandenburg_05.rdf,0.5,0.6666666666666666,0.725,,0.6305555555555555
non_geo_rest.rdf,0.375,0.7555555555555555,0.5499999999999999,,0.5601851851851851
non_geo_rest_02.rdf,0.8375,0.3703666666666667,0.6333333333333333,,0.6137333333333334
non_geo_rest_03.rdf,0.5,0.8888888888888888,0.6,,0.662962962962963
non_geo_rest_04.rdf,0.375,0.5944444444444444,0.425,,0.4648148148148148
non_geo_rest_05.rdf,0.5,0.5555555555555556,0.4166666666666667,,0.49074074074074076
