file,mqa_metric,mqa_dimension,mqa_passed,mqa_points,mqa_max
geo_gdi-de.rdf,keyword_availability,findability,True,30,30
geo_gdi-de.rdf,category_availability,findability,True,30,30
geo_gdi-de.rdf,spatial_availability,findability,True,20,20
geo_gdi-de.rdf,temporal_availability,findability,False,0,20
geo_gdi-de.rdf,dcat_ap_compliance,interoperability,False,0,30
geo_gdi-de.rdf,access_rights_availability,reusability,True,10,10
geo_gdi-de.rdf,access_rights_vocabulary,reusability,False,0,5
geo_gdi-de.rdf,contact_point_availability,reusability,True,20,20
geo_gdi-de.rdf,publisher_availability,reusability,True,10,10
geo_gdi-de.rdf,access_url_status_code,accessibility,True,50,50
geo_gdi-de.rdf,download_url_availability,accessibility,True,20,20
geo_gdi-de.rdf,download_url_status_code,accessibility,True,30,30
geo_gdi-de.rdf,format_availability,interoperability,True,20,20
geo_gdi-de.rdf,media_type_availability,interoperability,False,0,10
geo_gdi-de.rdf,format_media_type_vocabulary,interoperability,True,10,10
geo_gdi-de.rdf,format_non_proprietary,interoperability,False,0,20
geo_gdi-de.rdf,format_machine_readable,interoperability,False,0,20
geo_gdi-de.rdf,license_availability,reusability,True,20,20
geo_gdi-de.rdf,known_license,reusability,False,0,10
geo_gdi-de.rdf,rights_availability,contextuality,False,0,5
geo_gdi-de.rdf,byte_size_availability,contextuality,False,0,5
geo_gdi-de.rdf,date_issued_availability,contextuality,True,5,5
geo_gdi-de.rdf,date_modified_availability,contextuality,True,5,5
geo_gdi-de_02.rdf,keyword_availability,findability,True,30,30
geo_gdi-de_02.rdf,category_availability,findability,True,30,30
geo_gdi-de_02.rdf,spatial_availability,findability,True,20,20
geo_gdi-de_02.rdf,temporal_availability,findability,False,0,20
geo_gdi-de_02.rdf,dcat_ap_compliance,interoperability,False,0,30
geo_gdi-de_02.rdf,access_rights_availability,reusability,True,10,10
geo_gdi-de_02.rdf,access_rights_vocabulary,reusability,False,0,5
geo_gdi-de_02.rdf,contact_point_availability,reusability,True,20,20
geo_gdi-de_02.rdf,publisher_availability,reusability,True,10,10
geo_gdi-de_02.rdf,access_url_status_code,accessibility,True,50,50
geo_gdi-de_02.rdf,download_url_availability,accessibility,True,20,20
geo_gdi-de_02.rdf,download_url_status_code,accessibility,True,30,30
geo_gdi-de_02.rdf,format_availability,interoperability,True,20,20
geo_gdi-de_02.rdf,media_type_availability,interoperability,True,10,10
geo_gdi-de_02.rdf,format_media_type_vocabulary,interoperability,False,0,10
geo_gdi-de_02.rdf,format_non_proprietary,interoperability,False,0,20
geo_gdi-de_02.rdf,format_machine_readable,interoperability,False,0,20
geo_gdi-de_02.rdf,license_availability,reusability,True,20,20
geo_gdi-de_02.rdf,known_license,reusability,False,0,10
geo_gdi-de_02.rdf,rights_availability,contextuality,False,0,5
geo_gdi-de_02.rdf,byte_size_availability,contextuality,False,0,5
geo_gdi-de_02.rdf,date_issued_availability,contextuality,True,5,5
geo_gdi-de_02.rdf,date_modified_availability,contextuality,True,5,5
geo_gdi-de_03.rdf,keyword_availability,findability,True,30,30
geo_gdi-de_03.rdf,category_availability,findability,True,30,30
geo_gdi-de_03.rdf,spatial_availability,findability,True,20,20
geo_gdi-de_03.rdf,temporal_availability,findability,False,0,20
geo_gdi-de_03.rdf,dcat_ap_compliance,interoperability,False,0,30
geo_gdi-de_03.rdf,access_rights_availability,reusability,True,10,10
geo_gdi-de_03.rdf,access_rights_vocabulary,reusability,False,0,5
geo_gdi-de_03.rdf,contact_point_availability,reusability,True,20,20
geo_gdi-de_03.rdf,publisher_availability,reusability,True,10,10
geo_gdi-de_03.rdf,access_url_status_code,accessibility,True,50,50
geo_gdi-de_03.rdf,download_url_availability,accessibility,True,20,20
geo_gdi-de_03.rdf,download_url_status_code,accessibility,True,30,30
geo_gdi-de_03.rdf,format_availability,interoperability,True,20,20
geo_gdi-de_03.rdf,media_type_availability,interoperability,True,10,10
geo_gdi-de_03.rdf,format_media_type_vocabulary,interoperability,False,0,10
geo_gdi-de_03.rdf,format_non_proprietary,interoperability,False,0,20
geo_gdi-de_03.rdf,format_machine_readable,interoperability,False,0,20
geo_gdi-de_03.rdf,license_availability,reusability,True,20,20
geo_gdi-de_03.rdf,known_license,reusability,False,0,10
geo_gdi-de_03.rdf,rights_availability,contextuality,False,0,5
geo_gdi-de_03.rdf,byte_size_availability,contextuality,False,0,5
geo_gdi-de_03.rdf,date_issued_availability,contextuality,True,5,5
geo_gdi-de_03.rdf,date_modified_availability,contextuality,True,5,5
geo_gdi-de_04.rdf,keyword_availability,findability,True,30,30
geo_gdi-de_04.rdf,category_availability,findability,True,30,30
geo_gdi-de_04.rdf,spatial_availability,findability,True,20,20
geo_gdi-de_04.rdf,temporal_availability,findability,False,0,20
geo_gdi-de_04.rdf,dcat_ap_compliance,interoperability,False,0,30
geo_gdi-de_04.rdf,access_rights_availability,reusability,True,10,10
geo_gdi-de_04.rdf,access_rights_vocabulary,reusability,False,0,5
geo_gdi-de_04.rdf,contact_point_availability,reusability,True,20,20
geo_gdi-de_04.rdf,publisher_availability,reusability,True,10,10
geo_gdi-de_04.rdf,access_url_status_code,accessibility,True,50,50
geo_gdi-de_04.rdf,download_url_availability,accessibility,True,20,20
geo_gdi-de_04.rdf,download_url_status_code,accessibility,True,30,30
geo_gdi-de_04.rdf,format_availability,interoperability,True,20,20
geo_gdi-de_04.rdf,media_type_availability,interoperability,True,10,10
geo_gdi-de_04.rdf,format_media_type_vocabulary,interoperability,False,0,10
geo_gdi-de_04.rdf,format_non_proprietary,interoperability,False,0,20
geo_gdi-de_04.rdf,format_machine_readable,interoperability,False,0,20
geo_gdi-de_04.rdf,license_availability,reusability,True,20,20
geo_gdi-de_04.rdf,known_license,reusability,False,0,10
geo_gdi-de_04.rdf,rights_availability,contextuality,False,0,5
geo_gdi-de_04.rdf,byte_size_availability,contextuality,False,0,5
geo_gdi-de_04.rdf,date_issued_availability,contextuality,True,5,5
geo_gdi-de_04.rdf,date_modified_availability,contextuality,True,5,5
geo_gdi-de_05.rdf,keyword_availability,findability,True,30,30
geo_gdi-de_05.rdf,category_availability,findability,True,30,30
geo_gdi-de_05.rdf,spatial_availability,findability,True,20,20
geo_gdi-de_05.rdf,temporal_availability,findability,True,20,20
geo_gdi-de_05.rdf,dcat_ap_compliance,interoperability,False,0,30
geo_gdi-de_05.rdf,access_rights_availability,reusability,True,10,10
geo_gdi-de_05.rdf,access_rights_vocabulary,reusability,False,0,5
geo_gdi-de_05.rdf,contact_point_availability,reusability,True,20,20
geo_gdi-de_05.rdf,publisher_availability,reusability,True,10,10
geo_gdi-de_05.rdf,access_url_status_code,accessibility,True,50,50
geo_gdi-de_05.rdf,download_url_availability,accessibility,True,20,20
geo_gdi-de_05.rdf,download_url_status_code,accessibility,True,30,30
geo_gdi-de_05.rdf,format_availability,interoperability,True,20,20
geo_gdi-de_05.rdf,media_type_availability,interoperability,True,10,10
geo_gdi-de_05.rdf,format_media_type_vocabulary,interoperability,False,0,10
geo_gdi-de_05.rdf,format_non_proprietary,interoperability,False,0,20
geo_gdi-de_05.rdf,format_machine_readable,interoperability,False,0,20
geo_gdi-de_05.rdf,license_availability,reusability,True,20,20
geo_gdi-de_05.rdf,known_license,reusability,False,0,10
geo_gdi-de_05.rdf,rights_availability,contextuality,False,0,5
geo_gdi-de_05.rdf,byte_size_availability,contextuality,False,0,5
geo_gdi-de_05.rdf,date_issued_availability,contextuality,True,5,5
geo_gdi-de_05.rdf,date_modified_availability,contextuality,True,5,5
geo_open-data-brandenburg.rdf,keyword_availability,findability,True,30,30
geo_open-data-brandenburg.rdf,category_availability,findability,True,30,30
geo_open-data-brandenburg.rdf,spatial_availability,findability,True,20,20
geo_open-data-brandenburg.rdf,temporal_availability,findability,False,0,20
geo_open-data-brandenburg.rdf,dcat_ap_compliance,interoperability,False,0,30
geo_open-data-brandenburg.rdf,access_rights_availability,reusability,True,10,10
geo_open-data-brandenburg.rdf,access_rights_vocabulary,reusability,False,0,5
geo_open-data-brandenburg.rdf,contact_point_availability,reusability,True,20,20
geo_open-data-brandenburg.rdf,publisher_availability,reusability,True,10,10
geo_open-data-brandenburg.rdf,access_url_status_code,accessibility,True,50,50
geo_open-data-brandenburg.rdf,download_url_availability,accessibility,True,20,20
geo_open-data-brandenburg.rdf,download_url_status_code,accessibility,True,30,30
geo_open-data-brandenburg.rdf,format_availability,interoperability,True,20,20
geo_open-data-brandenburg.rdf,media_type_availability,interoperability,False,0,10
geo_open-data-brandenburg.rdf,format_media_type_vocabulary,interoperability,True,10,10
geo_open-data-brandenburg.rdf,format_non_proprietary,interoperability,True,20,20
geo_open-data-brandenburg.rdf,format_machine_readable,interoperability,False,0,20
geo_open-data-brandenburg.rdf,license_availability,reusability,True,20,20
geo_open-data-brandenburg.rdf,known_license,reusability,False,0,10
geo_open-data-brandenburg.rdf,rights_availability,contextuality,False,0,5
geo_open-data-brandenburg.rdf,byte_size_availability,contextuality,False,0,5
geo_open-data-brandenburg.rdf,date_issued_availability,contextuality,True,5,5
geo_open-data-brandenburg.rdf,date_modified_availability,contextuality,True,5,5
geo_open-data-brandenburg_02.rdf,keyword_availability,findability,True,30,30
geo_open-data-brandenburg_02.rdf,category_availability,findability,True,30,30
geo_open-data-brandenburg_02.rdf,spatial_availability,findability,True,20,20
geo_open-data-brandenburg_02.rdf,temporal_availability,findability,False,0,20
geo_open-data-brandenburg_02.rdf,dcat_ap_compliance,interoperability,False,0,30
geo_open-data-brandenburg_02.rdf,access_rights_availability,reusability,True,10,10
geo_open-data-brandenburg_02.rdf,access_rights_vocabulary,reusability,False,0,5
geo_open-data-brandenburg_02.rdf,contact_point_availability,reusability,True,20,20
geo_open-data-brandenburg_02.rdf,publisher_availability,reusability,True,10,10
geo_open-data-brandenburg_02.rdf,access_url_status_code,accessibility,True,50,50
geo_open-data-brandenburg_02.rdf,download_url_availability,accessibility,True,20,20
geo_open-data-brandenburg_02.rdf,download_url_status_code,accessibility,True,30,30
geo_open-data-brandenburg_02.rdf,format_availability,interoperability,False,0,20
geo_open-data-brandenburg_02.rdf,media_type_availability,interoperability,False,0,10
geo_open-data-brandenburg_02.rdf,format_media_type_vocabulary,interoperability,False,0,10
geo_open-data-brandenburg_02.rdf,format_non_proprietary,interoperability,False,0,20
geo_open-data-brandenburg_02.rdf,format_machine_readable,interoperability,False,0,20
geo_open-data-brandenburg_02.rdf,license_availability,reusability,True,20,20
geo_open-data-brandenburg_02.rdf,known_license,reusability,False,0,10
geo_open-data-brandenburg_02.rdf,rights_availability,contextuality,False,0,5
geo_open-data-brandenburg_02.rdf,byte_size_availability,contextuality,False,0,5
geo_open-data-brandenburg_02.rdf,date_issued_availability,contextuality,True,5,5
geo_open-data-brandenburg_02.rdf,date_modified_availability,contextuality,True,5,5
geo_open-data-brandenburg_03.rdf,keyword_availability,findability,True,30,30
geo_open-data-brandenburg_03.rdf,category_availability,findability,True,30,30
geo_open-data-brandenburg_03.rdf,spatial_availability,findability,True,20,20
geo_open-data-brandenburg_03.rdf,temporal_availability,findability,False,0,20
geo_open-data-brandenburg_03.rdf,dcat_ap_compliance,interoperability,False,0,30
geo_open-data-brandenburg_03.rdf,access_rights_availability,reusability,True,10,10
geo_open-data-brandenburg_03.rdf,access_rights_vocabulary,reusability,False,0,5
geo_open-data-brandenburg_03.rdf,contact_point_availability,reusability,True,20,20
geo_open-data-brandenburg_03.rdf,publisher_availability,reusability,True,10,10
geo_open-data-brandenburg_03.rdf,access_url_status_code,accessibility,True,50,50
geo_open-data-brandenburg_03.rdf,download_url_availability,accessibility,True,20,20
geo_open-data-brandenburg_03.rdf,download_url_status_code,accessibility,True,30,30
geo_open-data-brandenburg_03.rdf,format_availability,interoperability,True,20,20
geo_open-data-brandenburg_03.rdf,media_type_availability,interoperability,False,0,10
geo_open-data-brandenburg_03.rdf,format_media_type_vocabulary,interoperability,True,10,10
geo_open-data-brandenburg_03.rdf,format_non_proprietary,interoperability,True,20,20
geo_open-data-brandenburg_03.rdf,format_machine_readable,interoperability,False,0,20
geo_open-data-brandenburg_03.rdf,license_availability,reusability,True,20,20
geo_open-data-brandenburg_03.rdf,known_license,reusability,False,0,10
geo_open-data-brandenburg_03.rdf,rights_availability,contextuality,False,0,5
geo_open-data-brandenburg_03.rdf,byte_size_availability,contextuality,False,0,5
geo_open-data-brandenburg_03.rdf,date_issued_availability,contextuality,True,5,5
geo_open-data-brandenburg_03.rdf,date_modified_availability,contextuality,True,5,5
geo_open-data-brandenburg_04.rdf,keyword_availability,findability,True,30,30
geo_open-data-brandenburg_04.rdf,category_availability,findability,True,30,30
geo_open-data-brandenburg_04.rdf,spatial_availability,findability,True,20,20
geo_open-data-brandenburg_04.rdf,temporal_availability,findability,False,0,20
geo_open-data-brandenburg_04.rdf,dcat_ap_compliance,interoperability,False,0,30
geo_open-data-brandenburg_04.rdf,access_rights_availability,reusability,True,10,10
geo_open-data-brandenburg_04.rdf,access_rights_vocabulary,reusability,False,0,5
geo_open-data-brandenburg_04.rdf,contact_point_availability,reusability,True,20,20
geo_open-data-brandenburg_04.rdf,publisher_availability,reusability,True,10,10
geo_open-data-brandenburg_04.rdf,access_url_status_code,accessibility,True,50,50
geo_open-data-brandenburg_04.rdf,download_url_availability,accessibility,True,20,20
geo_open-data-brandenburg_04.rdf,download_url_status_code,accessibility,True,30,30
geo_open-data-brandenburg_04.rdf,format_availability,interoperability,False,0,20
geo_open-data-brandenburg_04.rdf,media_type_availability,interoperability,False,0,10
geo_open-data-brandenburg_04.rdf,format_media_type_vocabulary,interoperability,False,0,10
geo_open-data-brandenburg_04.rdf,format_non_proprietary,interoperability,False,0,20
geo_open-data-brandenburg_04.rdf,format_machine_readable,interoperability,False,0,20
geo_open-data-brandenburg_04.rdf,license_availability,reusability,True,20,20
geo_open-data-brandenburg_04.rdf,known_license,reusability,False,0,10
geo_open-data-brandenburg_04.rdf,rights_availability,contextuality,False,0,5
geo_open-data-brandenburg_04.rdf,byte_size_availability,contextuality,False,0,5
geo_open-data-brandenburg_04.rdf,date_issued_availability,contextuality,True,5,5
geo_open-data-brandenburg_04.rdf,date_modified_availability,contextuality,True,5,5
geo_open-data-brandenburg_05.rdf,keyword_availability,findability,True,30,30
geo_open-data-brandenburg_05.rdf,category_availability,findability,True,30,30
geo_open-data-brandenburg_05.rdf,spatial_availability,findability,True,20,20
geo_open-data-brandenburg_05.rdf,temporal_availability,findability,False,0,20
geo_open-data-brandenburg_05.rdf,dcat_ap_compliance,interoperability,False,0,30
geo_open-data-brandenburg_05.rdf,access_rights_availability,reusability,True,10,10
geo_open-data-brandenburg_05.rdf,access_rights_vocabulary,reusability,False,0,5
geo_open-data-brandenburg_05.rdf,contact_point_availability,reusability,True,20,20
geo_open-data-brandenburg_05.rdf,publisher_availability,reusability,True,10,10
geo_open-data-brandenburg_05.rdf,access_url_status_code,accessibility,True,50,50
geo_open-data-brandenburg_05.rdf,download_url_availability,accessibility,True,20,20
geo_open-data-brandenburg_05.rdf,download_url_status_code,accessibility,True,30,30
geo_open-data-brandenburg_05.rdf,format_availability,interoperability,True,20,20
geo_open-data-brandenburg_05.rdf,media_type_availability,interoperability,False,0,10
geo_open-data-brandenburg_05.rdf,format_media_type_vocabulary,interoperability,True,10,10
geo_open-data-brandenburg_05.rdf,format_non_proprietary,interoperability,True,20,20
geo_open-data-brandenburg_05.rdf,format_machine_readable,interoperability,False,0,20
geo_open-data-brandenburg_05.rdf,license_availability,reusability,True,20,20
geo_open-data-brandenburg_05.rdf,known_license,reusability,False,0,10
geo_open-data-brandenburg_05.rdf,rights_availability,contextuality,False,0,5
geo_open-data-brandenburg_05.rdf,byte_size_availability,contextuality,False,0,5
geo_open-data-brandenburg_05.rdf,date_issued_availability,contextuality,True,5,5
geo_open-data-brandenburg_05.rdf,date_modified_availability,contextuality,True,5,5
geo_open-data-portal-rheinland-pfalz.rdf,keyword_availability,findability,True,30,30
geo_open-data-portal-rheinland-pfalz.rdf,category_availability,findability,True,30,30
geo_open-data-portal-rheinland-pfalz.rdf,spatial_availability,findability,False,0,20
geo_open-data-portal-rheinland-pfalz.rdf,temporal_availability,findability,True,20,20
geo_open-data-portal-rheinland-pfalz.rdf,dcat_ap_compliance,interoperability,False,0,30
geo_open-data-portal-rheinland-pfalz.rdf,access_rights_availability,reusability,False,0,10
geo_open-data-portal-rheinland-pfalz.rdf,access_rights_vocabulary,reusability,False,0,5
geo_open-data-portal-rheinland-pfalz.rdf,contact_point_availability,reusability,False,0,20
geo_open-data-portal-rheinland-pfalz.rdf,publisher_availability,reusability,True,10,10
geo_open-data-portal-rheinland-pfalz.rdf,access_url_status_code,accessibility,True,50,50
geo_open-data-portal-rheinland-pfalz.rdf,download_url_availability,accessibility,False,0,20
geo_open-data-portal-rheinland-pfalz.rdf,download_url_status_code,accessibility,False,0,30
geo_open-data-portal-rheinland-pfalz.rdf,format_availability,interoperability,True,20,20
geo_open-data-portal-rheinland-pfalz.rdf,media_type_availability,interoperability,False,0,10
geo_open-data-portal-rheinland-pfalz.rdf,format_media_type_vocabulary,interoperability,True,10,10
geo_open-data-portal-rheinland-pfalz.rdf,format_non_proprietary,interoperability,True,20,20
geo_open-data-portal-rheinland-pfalz.rdf,format_machine_readable,interoperability,False,0,20
geo_open-data-portal-rheinland-pfalz.rdf,license_availability,reusability,True,20,20
geo_open-data-portal-rheinland-pfalz.rdf,known_license,reusability,False,0,10
geo_open-data-portal-rheinland-pfalz.rdf,rights_availability,contextuality,False,0,5
geo_open-data-portal-rheinland-pfalz.rdf,byte_size_availability,contextuality,False,0,5
geo_open-data-portal-rheinland-pfalz.rdf,date_issued_availability,contextuality,True,5,5
geo_open-data-portal-rheinland-pfalz.rdf,date_modified_availability,contextuality,True,5,5
geo_open-data-portal-rheinland-pfalz_02.rdf,keyword_availability,findability,True,30,30
geo_open-data-portal-rheinland-pfalz_02.rdf,category_availability,findability,True,30,30
geo_open-data-portal-rheinland-pfalz_02.rdf,spatial_availability,findability,False,0,20
geo_open-data-portal-rheinland-pfalz_02.rdf,temporal_availability,findability,True,20,20
geo_open-data-portal-rheinland-pfalz_02.rdf,dcat_ap_compliance,interoperability,False,0,30
geo_open-data-portal-rheinland-pfalz_02.rdf,access_rights_availability,reusability,False,0,10
geo_open-data-portal-rheinland-pfalz_02.rdf,access_rights_vocabulary,reusability,False,0,5
geo_open-data-portal-rheinland-pfalz_02.rdf,contact_point_availability,reusability,False,0,20
geo_open-data-portal-rheinland-pfalz_02.rdf,publisher_availability,reusability,True,10,10
geo_open-data-portal-rheinland-pfalz_02.rdf,access_url_status_code,accessibility,True,50,50
geo_open-data-portal-rheinland-pfalz_02.rdf,download_url_availability,accessibility,False,0,20
geo_open-data-portal-rheinland-pfalz_02.rdf,download_url_status_code,accessibility,False,0,30
geo_open-data-portal-rheinland-pfalz_02.rdf,format_availability,interoperability,True,20,20
geo_open-data-portal-rheinland-pfalz_02.rdf,media_type_availability,interoperability,True,10,10
geo_open-data-portal-rheinland-pfalz_02.rdf,format_media_type_vocabulary,interoperability,True,10,10
geo_open-data-portal-rheinland-pfalz_02.rdf,format_non_proprietary,interoperability,True,20,20
geo_open-data-portal-rheinland-pfalz_02.rdf,format_machine_readable,interoperability,False,0,20
geo_open-data-portal-rheinland-pfalz_02.rdf,license_availability,reusability,True,20,20
geo_open-data-portal-rheinland-pfalz_02.rdf,known_license,reusability,False,0,10
geo_open-data-portal-rheinland-pfalz_02.rdf,rights_availability,contextuality,False,0,5
geo_open-data-portal-rheinland-pfalz_02.rdf,byte_size_availability,contextuality,False,0,5
geo_open-data-portal-rheinland-pfalz_02.rdf,date_issued_availability,contextuality,True,5,5
geo_open-data-portal-rheinland-pfalz_02.rdf,date_modified_availability,contextuality,True,5,5
geo_open-data-portal-rheinland-pfalz_03.rdf,keyword_availability,findability,True,30,30
geo_open-data-portal-rheinland-pfalz_03.rdf,category_availability,findability,True,30,30
geo_open-data-portal-rheinland-pfalz_03.rdf,spatial_availability,findability,False,0,20
geo_open-data-portal-rheinland-pfalz_03.rdf,temporal_availability,findability,True,20,20
geo_open-data-portal-rheinland-pfalz_03.rdf,dcat_ap_compliance,interoperability,False,0,30
geo_open-data-portal-rheinland-pfalz_03.rdf,access_rights_availability,reusability,False,0,10
geo_open-data-portal-rheinland-pfalz_03.rdf,access_rights_vocabulary,reusability,False,0,5
geo_open-data-portal-rheinland-pfalz_03.rdf,contact_point_availability,reusability,False,0,20
geo_open-data-portal-rheinland-pfalz_03.rdf,publisher_availability,reusability,True,10,10
geo_open-data-portal-rheinland-pfalz_03.rdf,access_url_status_code,accessibility,True,50,50
geo_open-data-portal-rheinland-pfalz_03.rdf,download_url_availability,accessibility,False,0,20
geo_open-data-portal-rheinland-pfalz_03.rdf,download_url_status_code,accessibility,False,0,30
geo_open-data-portal-rheinland-pfalz_03.rdf,format_availability,interoperability,True,20,20
geo_open-data-portal-rheinland-pfalz_03.rdf,media_type_availability,interoperability,False,0,10
geo_open-data-portal-rheinland-pfalz_03.rdf,format_media_type_vocabulary,interoperability,True,10,10
geo_open-data-portal-rheinland-pfalz_03.rdf,format_non_proprietary,interoperability,True,20,20
geo_open-data-portal-rheinland-pfalz_03.rdf,format_machine_readable,interoperability,False,0,20
geo_open-data-portal-rheinland-pfalz_03.rdf,license_availability,reusability,True,20,20
geo_open-data-portal-rheinland-pfalz_03.rdf,known_license,reusability,False,0,10
geo_open-data-portal-rheinland-pfalz_03.rdf,rights_availability,contextuality,False,0,5
geo_open-data-portal-rheinland-pfalz_03.rdf,byte_size_availability,contextuality,False,0,5
geo_open-data-portal-rheinland-pfalz_03.rdf,date_issued_availability,contextuality,True,5,5
geo_open-data-portal-rheinland-pfalz_03.rdf,date_modified_availability,contextuality,True,5,5
geo_open-data-portal-rheinland-pfalz_04.rdf,keyword_availability,findability,True,30,30
geo_open-data-portal-rheinland-pfalz_04.rdf,category_availability,findability,True,30,30
geo_open-data-portal-rheinland-pfalz_04.rdf,spatial_availability,findability,False,0,20
geo_open-data-portal-rheinland-pfalz_04.rdf,temporal_availability,findability,True,20,20
geo_open-data-portal-rheinland-pfalz_04.rdf,dcat_ap_compliance,interoperability,False,0,30
geo_open-data-portal-rheinland-pfalz_04.rdf,access_rights_availability,reusability,False,0,10
geo_open-data-portal-rheinland-pfalz_04.rdf,access_rights_vocabulary,reusability,False,0,5
geo_open-data-portal-rheinland-pfalz_04.rdf,contact_point_availability,reusability,False,0,20
geo_open-data-portal-rheinland-pfalz_04.rdf,publisher_availability,reusability,True,10,10
geo_open-data-portal-rheinland-pfalz_04.rdf,access_url_status_code,accessibility,True,50,50
geo_open-data-portal-rheinland-pfalz_04.rdf,download_url_availability,accessibility,False,0,20
geo_open-data-portal-rheinland-pfalz_04.rdf,download_url_status_code,accessibility,False,0,30
geo_open-data-portal-rheinland-pfalz_04.rdf,format_availability,interoperability,True,20,20
geo_open-data-portal-rheinland-pfalz_04.rdf,media_type_availability,interoperability,False,0,10
geo_open-data-portal-rheinland-pfalz_04.rdf,format_media_type_vocabulary,interoperability,True,10,10
geo_open-data-portal-rheinland-pfalz_04.rdf,format_non_proprietary,interoperability,True,20,20
geo_open-data-portal-rheinland-pfalz_04.rdf,format_machine_readable,interoperability,False,0,20
geo_open-data-portal-rheinland-pfalz_04.rdf,license_availability,reusability,True,20,20
geo_open-data-portal-rheinland-pfalz_04.rdf,known_license,reusability,False,0,10
geo_open-data-portal-rheinland-pfalz_04.rdf,rights_availability,contextuality,False,0,5
geo_open-data-portal-rheinland-pfalz_04.rdf,byte_size_availability,contextuality,False,0,5
geo_open-data-portal-rheinland-pfalz_04.rdf,date_issued_availability,contextuality,True,5,5
geo_open-data-portal-rheinland-pfalz_04.rdf,date_modified_availability,contextuality,True,5,5
geo_open-data-portal-rheinland-pfalz_05.rdf,keyword_availability,findability,True,30,30
geo_open-data-portal-rheinland-pfalz_05.rdf,category_availability,findability,True,30,30
geo_open-data-portal-rheinland-pfalz_05.rdf,spatial_availability,findability,False,0,20
geo_open-data-portal-rheinland-pfalz_05.rdf,temporal_availability,findability,True,20,20
geo_open-data-portal-rheinland-pfalz_05.rdf,dcat_ap_compliance,interoperability,False,0,30
geo_open-data-portal-rheinland-pfalz_05.rdf,access_rights_availability,reusability,False,0,10
geo_open-data-portal-rheinland-pfalz_05.rdf,access_rights_vocabulary,reusability,False,0,5
geo_open-data-portal-rheinland-pfalz_05.rdf,contact_point_availability,reusability,False,0,20
geo_open-data-portal-rheinland-pfalz_05.rdf,publisher_availability,reusability,True,10,10
geo_open-data-portal-rheinland-pfalz_05.rdf,access_url_status_code,accessibility,True,50,50
geo_open-data-portal-rheinland-pfalz_05.rdf,download_url_availability,accessibility,False,0,20
geo_open-data-portal-rheinland-pfalz_05.rdf,download_url_status_code,accessibility,False,0,30
geo_open-data-portal-rheinland-pfalz_05.rdf,format_availability,interoperability,True,20,20
geo_open-data-portal-rheinland-pfalz_05.rdf,media_type_availability,interoperability,False,0,10
geo_open-data-portal-rheinland-pfalz_05.rdf,format_media_type_vocabulary,interoperability,True,10,10
geo_open-data-portal-rheinland-pfalz_05.rdf,format_non_proprietary,interoperability,True,20,20
geo_open-data-portal-rheinland-pfalz_05.rdf,format_machine_readable,interoperability,False,0,20
geo_open-data-portal-rheinland-pfalz_05.rdf,license_availability,reusability,True,20,20
geo_open-data-portal-rheinland-pfalz_05.rdf,known_license,reusability,False,0,10
geo_open-data-portal-rheinland-pfalz_05.rdf,rights_availability,contextuality,False,0,5
geo_open-data-portal-rheinland-pfalz_05.rdf,byte_size_availability,contextuality,False,0,5
geo_open-data-portal-rheinland-pfalz_05.rdf,date_issued_availability,contextuality,True,5,5
geo_open-data-portal-rheinland-pfalz_05.rdf,date_modified_availability,contextuality,True,5,5
geo_rest.rdf,keyword_availability,findability,True,30,30
geo_rest.rdf,category_availability,findability,True,30,30
geo_rest.rdf,spatial_availability,findability,True,20,20
geo_rest.rdf,temporal_availability,findability,True,20,20
geo_rest.rdf,dcat_ap_compliance,interoperability,False,0,30
geo_rest.rdf,access_rights_availability,reusability,True,10,10
geo_rest.rdf,access_rights_vocabulary,reusability,False,0,5
geo_rest.rdf,contact_point_availability,reusability,True,20,20
geo_rest.rdf,publisher_availability,reusability,True,10,10
geo_rest.rdf,access_url_status_code,accessibility,True,50,50
geo_rest.rdf,download_url_availability,accessibility,True,20,20
geo_rest.rdf,download_url_status_code,accessibility,True,30,30
geo_rest.rdf,format_availability,interoperability,True,20,20
geo_rest.rdf,media_type_availability,interoperability,False,0,10
geo_rest.rdf,format_media_type_vocabulary,interoperability,True,10,10
geo_rest.rdf,format_non_proprietary,interoperability,True,20,20
geo_rest.rdf,format_machine_readable,interoperability,False,0,20
geo_rest.rdf,license_availability,reusability,True,20,20
geo_rest.rdf,known_license,reusability,False,0,10
geo_rest.rdf,rights_availability,contextuality,True,5,5
geo_rest.rdf,byte_size_availability,contextuality,False,0,5
geo_rest.rdf,date_issued_availability,contextuality,True,5,5
geo_rest.rdf,date_modified_availability,contextuality,True,5,5
geo_rest_02.rdf,keyword_availability,findability,False,0,30
geo_rest_02.rdf,category_availability,findability,True,30,30
geo_rest_02.rdf,spatial_availability,findability,False,0,20
geo_rest_02.rdf,temporal_availability,findability,False,0,20
geo_rest_02.rdf,dcat_ap_compliance,interoperability,False,0,30
geo_rest_02.rdf,access_rights_availability,reusability,False,0,10
geo_rest_02.rdf,access_rights_vocabulary,reusability,False,0,5
geo_rest_02.rdf,contact_point_availability,reusability,False,0,20
geo_rest_02.rdf,publisher_availability,reusability,True,10,10
geo_rest_02.rdf,access_url_status_code,accessibility,True,50,50
geo_rest_02.rdf,download_url_availability,accessibility,True,20,20
geo_rest_02.rdf,download_url_status_code,accessibility,True,30,30
geo_rest_02.rdf,format_availability,interoperability,True,20,20
geo_rest_02.rdf,media_type_availability,interoperability,True,10,10
geo_rest_02.rdf,format_media_type_vocabulary,interoperability,True,10,10
geo_rest_02.rdf,format_non_proprietary,interoperability,True,20,20
geo_rest_02.rdf,format_machine_readable,interoperability,True,20,20
geo_rest_02.rdf,license_availability,reusability,True,20,20
geo_rest_02.rdf,known_license,reusability,False,0,10
geo_rest_02.rdf,rights_availability,contextuality,False,0,5
geo_rest_02.rdf,byte_size_availability,contextuality,False,0,5
geo_rest_02.rdf,date_issued_availability,contextuality,True,5,5
geo_rest_02.rdf,date_modified_availability,contextuality,True,5,5
geo_rest_03.rdf,keyword_availability,findability,True,30,30
geo_rest_03.rdf,category_availability,findability,False,0,30
geo_rest_03.rdf,spatial_availability,findability,True,20,20
geo_rest_03.rdf,temporal_availability,findability,False,0,20
geo_rest_03.rdf,dcat_ap_compliance,interoperability,False,0,30
geo_rest_03.rdf,access_rights_availability,reusability,False,0,10
geo_rest_03.rdf,access_rights_vocabulary,reusability,False,0,5
geo_rest_03.rdf,contact_point_availability,reusability,True,20,20
geo_rest_03.rdf,publisher_availability,reusability,True,10,10
geo_rest_03.rdf,access_url_status_code,accessibility,True,50,50
geo_rest_03.rdf,download_url_availability,accessibility,False,0,20
geo_rest_03.rdf,download_url_status_code,accessibility,False,0,30
geo_rest_03.rdf,format_availability,interoperability,True,20,20
geo_rest_03.rdf,media_type_availability,interoperability,False,0,10
geo_rest_03.rdf,format_media_type_vocabulary,interoperability,True,10,10
geo_rest_03.rdf,format_non_proprietary,interoperability,True,20,20
geo_rest_03.rdf,format_machine_readable,interoperability,False,0,20
geo_rest_03.rdf,license_availability,reusability,True,20,20
geo_rest_03.rdf,known_license,reusability,False,0,10
geo_rest_03.rdf,rights_availability,contextuality,False,0,5
geo_rest_03.rdf,byte_size_availability,contextuality,False,0,5
geo_rest_03.rdf,date_issued_availability,contextuality,True,5,5
geo_rest_03.rdf,date_modified_availability,contextuality,True,5,5
geo_rest_04.rdf,keyword_availability,findability,True,30,30
geo_rest_04.rdf,category_availability,findability,True,30,30
geo_rest_04.rdf,spatial_availability,findability,True,20,20
geo_rest_04.rdf,temporal_availability,findability,False,0,20
geo_rest_04.rdf,dcat_ap_compliance,interoperability,False,0,30
geo_rest_04.rdf,access_rights_availability,reusability,False,0,10
geo_rest_04.rdf,access_rights_vocabulary,reusability,False,0,5
geo_rest_04.rdf,contact_point_availability,reusability,True,20,20
geo_rest_04.rdf,publisher_availability,reusability,True,10,10
geo_rest_04.rdf,access_url_status_code,accessibility,True,50,50
geo_rest_04.rdf,download_url_availability,accessibility,True,20,20
geo_rest_04.rdf,download_url_status_code,accessibility,True,30,30
geo_rest_04.rdf,format_availability,interoperability,True,20,20
geo_rest_04.rdf,media_type_availability,interoperability,True,10,10
geo_rest_04.rdf,format_media_type_vocabulary,interoperability,False,0,10
geo_rest_04.rdf,format_non_proprietary,interoperability,False,0,20
geo_rest_04.rdf,format_machine_readable,interoperability,False,0,20
geo_rest_04.rdf,license_availability,reusability,True,20,20
geo_rest_04.rdf,known_license,reusability,False,0,10
geo_rest_04.rdf,rights_availability,contextuality,False,0,5
geo_rest_04.rdf,byte_size_availability,contextuality,False,0,5
geo_rest_04.rdf,date_issued_availability,contextuality,True,5,5
geo_rest_04.rdf,date_modified_availability,contextuality,True,5,5
geo_rest_05.rdf,keyword_availability,findability,True,30,30
geo_rest_05.rdf,category_availability,findability,True,30,30
geo_rest_05.rdf,spatial_availability,findability,True,20,20
geo_rest_05.rdf,temporal_availability,findability,True,20,20
geo_rest_05.rdf,dcat_ap_compliance,interoperability,True,30,30
geo_rest_05.rdf,access_rights_availability,reusability,True,10,10
geo_rest_05.rdf,access_rights_vocabulary,reusability,True,5,5
geo_rest_05.rdf,contact_point_availability,reusability,False,0,20
geo_rest_05.rdf,publisher_availability,reusability,True,10,10
geo_rest_05.rdf,access_url_status_code,accessibility,True,50,50
geo_rest_05.rdf,download_url_availability,accessibility,True,20,20
geo_rest_05.rdf,download_url_status_code,accessibility,True,30,30
geo_rest_05.rdf,format_availability,interoperability,True,20,20
geo_rest_05.rdf,media_type_availability,interoperability,True,10,10
geo_rest_05.rdf,format_media_type_vocabulary,interoperability,True,10,10
geo_rest_05.rdf,format_non_proprietary,interoperability,False,0,20
geo_rest_05.rdf,format_machine_readable,interoperability,False,0,20
geo_rest_05.rdf,license_availability,reusability,True,20,20
geo_rest_05.rdf,known_license,reusability,False,0,10
geo_rest_05.rdf,rights_availability,contextuality,True,5,5
geo_rest_05.rdf,byte_size_availability,contextuality,True,5,5
geo_rest_05.rdf,date_issued_availability,contextuality,True,5,5
geo_rest_05.rdf,date_modified_availability,contextuality,True,5,5
geo_transparenzportal-hamburg.rdf,keyword_availability,findability,True,30,30
geo_transparenzportal-hamburg.rdf,category_availability,findability,True,30,30
geo_transparenzportal-hamburg.rdf,spatial_availability,findability,True,20,20
geo_transparenzportal-hamburg.rdf,temporal_availability,findability,True,20,20
geo_transparenzportal-hamburg.rdf,dcat_ap_compliance,interoperability,False,0,30
geo_transparenzportal-hamburg.rdf,access_rights_availability,reusability,True,10,10
geo_transparenzportal-hamburg.rdf,access_rights_vocabulary,reusability,False,0,5
geo_transparenzportal-hamburg.rdf,contact_point_availability,reusability,True,20,20
geo_transparenzportal-hamburg.rdf,publisher_availability,reusability,True,10,10
geo_transparenzportal-hamburg.rdf,access_url_status_code,accessibility,True,50,50
geo_transparenzportal-hamburg.rdf,download_url_availability,accessibility,False,0,20
geo_transparenzportal-hamburg.rdf,download_url_status_code,accessibility,False,0,30
geo_transparenzportal-hamburg.rdf,format_availability,interoperability,True,20,20
geo_transparenzportal-hamburg.rdf,media_type_availability,interoperability,True,10,10
geo_transparenzportal-hamburg.rdf,format_media_type_vocabulary,interoperability,False,0,10
geo_transparenzportal-hamburg.rdf,format_non_proprietary,interoperability,False,0,20
geo_transparenzportal-hamburg.rdf,format_machine_readable,interoperability,False,0,20
geo_transparenzportal-hamburg.rdf,license_availability,reusability,True,20,20
geo_transparenzportal-hamburg.rdf,known_license,reusability,False,0,10
geo_transparenzportal-hamburg.rdf,rights_availability,contextuality,False,0,5
geo_transparenzportal-hamburg.rdf,byte_size_availability,contextuality,True,5,5
geo_transparenzportal-hamburg.rdf,date_issued_availability,contextuality,True,5,5
geo_transparenzportal-hamburg.rdf,date_modified_availability,contextuality,True,5,5
geo_transparenzportal-hamburg_02.rdf,keyword_availability,findability,True,30,30
geo_transparenzportal-hamburg_02.rdf,category_availability,findability,True,30,30
geo_transparenzportal-hamburg_02.rdf,spatial_availability,findability,True,20,20
geo_transparenzportal-hamburg_02.rdf,temporal_availability,findability,True,20,20
geo_transparenzportal-hamburg_02.rdf,dcat_ap_compliance,interoperability,False,0,30
geo_transparenzportal-hamburg_02.rdf,access_rights_availability,reusability,True,10,10
geo_transparenzportal-hamburg_02.rdf,access_rights_vocabulary,reusability,False,0,5
geo_transparenzportal-hamburg_02.rdf,contact_point_availability,reusability,True,20,20
geo_transparenzportal-hamburg_02.rdf,publisher_availability,reusability,True,10,10
geo_transparenzportal-hamburg_02.rdf,access_url_status_code,accessibility,True,50,50
geo_transparenzportal-hamburg_02.rdf,download_url_availability,accessibility,False,0,20
geo_transparenzportal-hamburg_02.rdf,download_url_status_code,accessibility,False,0,30
geo_transparenzportal-hamburg_02.rdf,format_availability,interoperability,True,20,20
geo_transparenzportal-hamburg_02.rdf,media_type_availability,interoperability,True,10,10
geo_transparenzportal-hamburg_02.rdf,format_media_type_vocabulary,interoperability,False,0,10
geo_transparenzportal-hamburg_02.rdf,format_non_proprietary,interoperability,False,0,20
geo_transparenzportal-hamburg_02.rdf,format_machine_readable,interoperability,False,0,20
geo_transparenzportal-hamburg_02.rdf,license_availability,reusability,True,20,20
geo_transparenzportal-hamburg_02.rdf,known_license,reusability,False,0,10
geo_transparenzportal-hamburg_02.rdf,rights_availability,contextuality,False,0,5
geo_transparenzportal-hamburg_02.rdf,byte_size_availability,contextuality,True,5,5
geo_transparenzportal-hamburg_02.rdf,date_issued_availability,contextuality,True,5,5
geo_transparenzportal-hamburg_02.rdf,date_modified_availability,contextuality,True,5,5
geo_transparenzportal-hamburg_03.rdf,keyword_availability,findability,True,30,30
geo_transparenzportal-hamburg_03.rdf,category_availability,findability,True,30,30
geo_transparenzportal-hamburg_03.rdf,spatial_availability,findability,True,20,20
geo_transparenzportal-hamburg_03.rdf,temporal_availability,findability,True,20,20
geo_transparenzportal-hamburg_03.rdf,dcat_ap_compliance,interoperability,False,0,30
geo_transparenzportal-hamburg_03.rdf,access_rights_availability,reusability,True,10,10
geo_transparenzportal-hamburg_03.rdf,access_rights_vocabulary,reusability,False,0,5
geo_transparenzportal-hamburg_03.rdf,contact_point_availability,reusability,True,20,20
geo_transparenzportal-hamburg_03.rdf,publisher_availability,reusability,True,10,10
geo_transparenzportal-hamburg_03.rdf,access_url_status_code,accessibility,True,50,50
geo_transparenzportal-hamburg_03.rdf,download_url_availability,accessibility,False,0,20
geo_transparenzportal-hamburg_03.rdf,download_url_status_code,accessibility,False,0,30
geo_transparenzportal-hamburg_03.rdf,format_availability,interoperability,True,20,20
geo_transparenzportal-hamburg_03.rdf,media_type_availability,interoperability,True,10,10
geo_transparenzportal-hamburg_03.rdf,format_media_type_vocabulary,interoperability,False,0,10
geo_transparenzportal-hamburg_03.rdf,format_non_proprietary,interoperability,False,0,20
geo_transparenzportal-hamburg_03.rdf,format_machine_readable,interoperability,False,0,20
geo_transparenzportal-hamburg_03.rdf,license_availability,reusability,True,20,20
geo_transparenzportal-hamburg_03.rdf,known_license,reusability,False,0,10
geo_transparenzportal-hamburg_03.rdf,rights_availability,contextuality,False,0,5
geo_transparenzportal-hamburg_03.rdf,byte_size_availability,contextuality,True,5,5
geo_transparenzportal-hamburg_03.rdf,date_issued_availability,contextuality,True,5,5
geo_transparenzportal-hamburg_03.rdf,date_modified_availability,contextuality,True,5,5
geo_transparenzportal-hamburg_04.rdf,keyword_availability,findability,True,30,30
geo_transparenzportal-hamburg_04.rdf,category_availability,findability,True,30,30
geo_transparenzportal-hamburg_04.rdf,spatial_availability,findability,True,20,20
geo_transparenzportal-hamburg_04.rdf,temporal_availability,findability,True,20,20
geo_transparenzportal-hamburg_04.rdf,dcat_ap_compliance,interoperability,False,0,30
geo_transparenzportal-hamburg_04.rdf,access_rights_availability,reusability,True,10,10
geo_transparenzportal-hamburg_04.rdf,access_rights_vocabulary,reusability,False,0,5
geo_transparenzportal-hamburg_04.rdf,contact_point_availability,reusability,True,20,20
geo_transparenzportal-hamburg_04.rdf,publisher_availability,reusability,True,10,10
geo_transparenzportal-hamburg_04.rdf,access_url_status_code,accessibility,True,50,50
geo_transparenzportal-hamburg_04.rdf,download_url_availability,accessibility,False,0,20
geo_transparenzportal-hamburg_04.rdf,download_url_status_code,accessibility,False,0,30
geo_transparenzportal-hamburg_04.rdf,format_availability,interoperability,True,20,20
geo_transparenzportal-hamburg_04.rdf,media_type_availability,interoperability,True,10,10
geo_transparenzportal-hamburg_04.rdf,format_media_type_vocabulary,interoperability,False,0,10
geo_transparenzportal-hamburg_04.rdf,format_non_proprietary,interoperability,False,0,20
geo_transparenzportal-hamburg_04.rdf,format_machine_readable,interoperability,False,0,20
geo_transparenzportal-hamburg_04.rdf,license_availability,reusability,True,20,20
geo_transparenzportal-hamburg_04.rdf,known_license,reusability,False,0,10
geo_transparenzportal-hamburg_04.rdf,rights_availability,contextuality,False,0,5
geo_transparenzportal-hamburg_04.rdf,byte_size_availability,contextuality,True,5,5
geo_transparenzportal-hamburg_04.rdf,date_issued_availability,contextuality,True,5,5
geo_transparenzportal-hamburg_04.rdf,date_modified_availability,contextuality,True,5,5
geo_transparenzportal-hamburg_05.rdf,keyword_availability,findability,True,30,30
geo_transparenzportal-hamburg_05.rdf,category_availability,findability,True,30,30
geo_transparenzportal-hamburg_05.rdf,spatial_availability,findability,True,20,20
geo_transparenzportal-hamburg_05.rdf,temporal_availability,findability,True,20,20
geo_transparenzportal-hamburg_05.rdf,dcat_ap_compliance,interoperability,False,0,30
geo_transparenzportal-hamburg_05.rdf,access_rights_availability,reusability,True,10,10
geo_transparenzportal-hamburg_05.rdf,access_rights_vocabulary,reusability,False,0,5
geo_transparenzportal-hamburg_05.rdf,contact_point_availability,reusability,True,20,20
geo_transparenzportal-hamburg_05.rdf,publisher_availability,reusability,True,10,10
geo_transparenzportal-hamburg_05.rdf,access_url_status_code,accessibility,True,50,50
geo_transparenzportal-hamburg_05.rdf,download_url_availability,accessibility,False,0,20
geo_transparenzportal-hamburg_05.rdf,download_url_status_code,accessibility,False,0,30
geo_transparenzportal-hamburg_05.rdf,format_availability,interoperability,True,20,20
geo_transparenzportal-hamburg_05.rdf,media_type_availability,interoperability,True,10,10
geo_transparenzportal-hamburg_05.rdf,format_media_type_vocabulary,interoperability,False,0,10
geo_transparenzportal-hamburg_05.rdf,format_non_proprietary,interoperability,False,0,20
geo_transparenzportal-hamburg_05.rdf,format_machine_readable,interoperability,False,0,20
geo_transparenzportal-hamburg_05.rdf,license_availability,reusability,True,20,20
geo_transparenzportal-hamburg_05.rdf,known_license,reusability,False,0,10
geo_transparenzportal-hamburg_05.rdf,rights_availability,contextuality,False,0,5
geo_transparenzportal-hamburg_05.rdf,byte_size_availability,contextuality,True,5,5
geo_transparenzportal-hamburg_05.rdf,date_issued_availability,contextuality,True,5,5
geo_transparenzportal-hamburg_05.rdf,date_modified_availability,contextuality,True,5,5
non_geo_gdi-de.rdf,keyword_availability,findability,True,30,30
non_geo_gdi-de.rdf,category_availability,findability,True,30,30
non_geo_gdi-de.rdf,spatial_availability,findability,True,20,20
non_geo_gdi-de.rdf,temporal_availability,findability,False,0,20
non_geo_gdi-de.rdf,dcat_ap_compliance,interoperability,False,0,30
non_geo_gdi-de.rdf,access_rights_availability,reusability,True,10,10
non_geo_gdi-de.rdf,access_rights_vocabulary,reusability,False,0,5
non_geo_gdi-de.rdf,contact_point_availability,reusability,True,20,20
non_geo_gdi-de.rdf,publisher_availability,reusability,True,10,10
non_geo_gdi-de.rdf,access_url_status_code,accessibility,True,50,50
non_geo_gdi-de.rdf,download_url_availability,accessibility,True,20,20
non_geo_gdi-de.rdf,download_url_status_code,accessibility,True,30,30
non_geo_gdi-de.rdf,format_availability,interoperability,True,20,20
non_geo_gdi-de.rdf,media_type_availability,interoperability,False,0,10
non_geo_gdi-de.rdf,format_media_type_vocabulary,interoperability,False,0,10
non_geo_gdi-de.rdf,format_non_proprietary,interoperability,False,0,20
non_geo_gdi-de.rdf,format_machine_readable,interoperability,False,0,20
non_geo_gdi-de.rdf,license_availability,reusability,True,20,20
non_geo_gdi-de.rdf,known_license,reusability,False,0,10
non_geo_gdi-de.rdf,rights_availability,contextuality,False,0,5
non_geo_gdi-de.rdf,byte_size_availability,contextuality,False,0,5
non_geo_gdi-de.rdf,date_issued_availability,contextuality,True,5,5
non_geo_gdi-de.rdf,date_modified_availability,contextuality,True,5,5
non_geo_gdi-de_02.rdf,keyword_availability,findability,True,30,30
non_geo_gdi-de_02.rdf,category_availability,findability,True,30,30
non_geo_gdi-de_02.rdf,spatial_availability,findability,True,20,20
non_geo_gdi-de_02.rdf,temporal_availability,findability,True,20,20
non_geo_gdi-de_02.rdf,dcat_ap_compliance,interoperability,False,0,30
non_geo_gdi-de_02.rdf,access_rights_availability,reusability,True,10,10
non_geo_gdi-de_02.rdf,access_rights_vocabulary,reusability,False,0,5
non_geo_gdi-de_02.rdf,contact_point_availability,reusability,True,20,20
non_geo_gdi-de_02.rdf,publisher_availability,reusability,True,10,10
non_geo_gdi-de_02.rdf,access_url_status_code,accessibility,True,50,50
non_geo_gdi-de_02.rdf,download_url_availability,accessibility,True,20,20
non_geo_gdi-de_02.rdf,download_url_status_code,accessibility,True,30,30
non_geo_gdi-de_02.rdf,format_availability,interoperability,True,20,20
non_geo_gdi-de_02.rdf,media_type_availability,interoperability,True,10,10
non_geo_gdi-de_02.rdf,format_media_type_vocabulary,interoperability,False,0,10
non_geo_gdi-de_02.rdf,format_non_proprietary,interoperability,False,0,20
non_geo_gdi-de_02.rdf,format_machine_readable,interoperability,False,0,20
non_geo_gdi-de_02.rdf,license_availability,reusability,True,20,20
non_geo_gdi-de_02.rdf,known_license,reusability,False,0,10
non_geo_gdi-de_02.rdf,rights_availability,contextuality,False,0,5
non_geo_gdi-de_02.rdf,byte_size_availability,contextuality,False,0,5
non_geo_gdi-de_02.rdf,date_issued_availability,contextuality,True,5,5
non_geo_gdi-de_02.rdf,date_modified_availability,contextuality,True,5,5
non_geo_gdi-de_03.rdf,keyword_availability,findability,True,30,30
non_geo_gdi-de_03.rdf,category_availability,findability,True,30,30
non_geo_gdi-de_03.rdf,spatial_availability,findability,True,20,20
non_geo_gdi-de_03.rdf,temporal_availability,findability,False,0,20
non_geo_gdi-de_03.rdf,dcat_ap_compliance,interoperability,False,0,30
non_geo_gdi-de_03.rdf,access_rights_availability,reusability,True,10,10
non_geo_gdi-de_03.rdf,access_rights_vocabulary,reusability,False,0,5
non_geo_gdi-de_03.rdf,contact_point_availability,reusability,True,20,20
non_geo_gdi-de_03.rdf,publisher_availability,reusability,True,10,10
non_geo_gdi-de_03.rdf,access_url_status_code,accessibility,True,50,50
non_geo_gdi-de_03.rdf,download_url_availability,accessibility,True,20,20
non_geo_gdi-de_03.rdf,download_url_status_code,accessibility,True,30,30
non_geo_gdi-de_03.rdf,format_availability,interoperability,True,20,20
non_geo_gdi-de_03.rdf,media_type_availability,interoperability,False,0,10
non_geo_gdi-de_03.rdf,format_media_type_vocabulary,interoperability,False,0,10
non_geo_gdi-de_03.rdf,format_non_proprietary,interoperability,False,0,20
non_geo_gdi-de_03.rdf,format_machine_readable,interoperability,False,0,20
non_geo_gdi-de_03.rdf,license_availability,reusability,True,20,20
non_geo_gdi-de_03.rdf,known_license,reusability,False,0,10
non_geo_gdi-de_03.rdf,rights_availability,contextuality,False,0,5
non_geo_gdi-de_03.rdf,byte_size_availability,contextuality,False,0,5
non_geo_gdi-de_03.rdf,date_issued_availability,contextuality,True,5,5
non_geo_gdi-de_03.rdf,date_modified_availability,contextuality,True,5,5
non_geo_gdi-de_04.rdf,keyword_availability,findability,True,30,30
non_geo_gdi-de_04.rdf,category_availability,findability,True,30,30
non_geo_gdi-de_04.rdf,spatial_availability,findability,True,20,20
non_geo_gdi-de_04.rdf,temporal_availability,findability,False,0,20
non_geo_gdi-de_04.rdf,dcat_ap_compliance,interoperability,False,0,30
non_geo_gdi-de_04.rdf,access_rights_availability,reusability,True,10,10
non_geo_gdi-de_04.rdf,access_rights_vocabulary,reusability,False,0,5
non_geo_gdi-de_04.rdf,contact_point_availability,reusability,True,20,20
non_geo_gdi-de_04.rdf,publisher_availability,reusability,True,10,10
non_geo_gdi-de_04.rdf,access_url_status_code,accessibility,True,50,50
non_geo_gdi-de_04.rdf,download_url_availability,accessibility,True,20,20
non_geo_gdi-de_04.rdf,download_url_status_code,accessibility,True,30,30
non_geo_gdi-de_04.rdf,format_availability,interoperability,True,20,20
non_geo_gdi-de_04.rdf,media_type_availability,interoperability,False,0,10
non_geo_gdi-de_04.rdf,format_media_type_vocabulary,interoperability,False,0,10
non_geo_gdi-de_04.rdf,format_non_proprietary,interoperability,False,0,20
non_geo_gdi-de_04.rdf,format_machine_readable,interoperability,False,0,20
non_geo_gdi-de_04.rdf,license_availability,reusability,True,20,20
non_geo_gdi-de_04.rdf,known_license,reusability,False,0,10
non_geo_gdi-de_04.rdf,rights_availability,contextuality,False,0,5
non_geo_gdi-de_04.rdf,byte_size_availability,contextuality,False,0,5
non_geo_gdi-de_04.rdf,date_issued_availability,contextuality,True,5,5
non_geo_gdi-de_04.rdf,date_modified_availability,contextuality,True,5,5
non_geo_gdi-de_05.rdf,keyword_availability,findability,True,30,30
non_geo_gdi-de_05.rdf,category_availability,findability,True,30,30
non_geo_gdi-de_05.rdf,spatial_availability,findability,True,20,20
non_geo_gdi-de_05.rdf,temporal_availability,findability,False,0,20
non_geo_gdi-de_05.rdf,dcat_ap_compliance,interoperability,False,0,30
non_geo_gdi-de_05.rdf,access_rights_availability,reusability,True,10,10
non_geo_gdi-de_05.rdf,access_rights_vocabulary,reusability,False,0,5
non_geo_gdi-de_05.rdf,contact_point_availability,reusability,True,20,20
non_geo_gdi-de_05.rdf,publisher_availability,reusability,True,10,10
non_geo_gdi-de_05.rdf,access_url_status_code,accessibility,True,50,50
non_geo_gdi-de_05.rdf,download_url_availability,accessibility,True,20,20
non_geo_gdi-de_05.rdf,download_url_status_code,accessibility,True,30,30
non_geo_gdi-de_05.rdf,format_availability,interoperability,True,20,20
non_geo_gdi-de_05.rdf,media_type_availability,interoperability,False,0,10
non_geo_gdi-de_05.rdf,format_media_type_vocabulary,interoperability,False,0,10
non_geo_gdi-de_05.rdf,format_non_proprietary,interoperability,False,0,20
non_geo_gdi-de_05.rdf,format_machine_readable,interoperability,False,0,20
non_geo_gdi-de_05.rdf,license_availability,reusability,True,20,20
non_geo_gdi-de_05.rdf,known_license,reusability,False,0,10
non_geo_gdi-de_05.rdf,rights_availability,contextuality,False,0,5
non_geo_gdi-de_05.rdf,byte_size_availability,contextuality,False,0,5
non_geo_gdi-de_05.rdf,date_issued_availability,contextuality,True,5,5
non_geo_gdi-de_05.rdf,date_modified_availability,contextuality,True,5,5
non_geo_land-schleswig-holstein.rdf,keyword_availability,findability,True,30,30
non_geo_land-schleswig-holstein.rdf,category_availability,findability,True,30,30
non_geo_land-schleswig-holstein.rdf,spatial_availability,findability,True,20,20
non_geo_land-schleswig-holstein.rdf,temporal_availability,findability,True,20,20
non_geo_land-schleswig-holstein.rdf,dcat_ap_compliance,interoperability,False,0,30
non_geo_land-schleswig-holstein.rdf,access_rights_availability,reusability,True,10,10
non_geo_land-schleswig-holstein.rdf,access_rights_vocabulary,reusability,True,5,5
non_geo_land-schleswig-holstein.rdf,contact_point_availability,reusability,False,0,20
non_geo_land-schleswig-holstein.rdf,publisher_availability,reusability,True,10,10
non_geo_land-schleswig-holstein.rdf,access_url_status_code,accessibility,True,50,50
non_geo_land-schleswig-holstein.rdf,download_url_availability,accessibility,True,20,20
non_geo_land-schleswig-holstein.rdf,download_url_status_code,accessibility,True,30,30
non_geo_land-schleswig-holstein.rdf,format_availability,interoperability,True,20,20
non_geo_land-schleswig-holstein.rdf,media_type_availability,interoperability,True,10,10
non_geo_land-schleswig-holstein.rdf,format_media_type_vocabulary,interoperability,True,10,10
non_geo_land-schleswig-holstein.rdf,format_non_proprietary,interoperability,True,20,20
non_geo_land-schleswig-holstein.rdf,format_machine_readable,interoperability,True,20,20
non_geo_land-schleswig-holstein.rdf,license_availability,reusability,True,20,20
non_geo_land-schleswig-holstein.rdf,known_license,reusability,False,0,10
non_geo_land-schleswig-holstein.rdf,rights_availability,contextuality,True,5,5
non_geo_land-schleswig-holstein.rdf,byte_size_availability,contextuality,False,0,5
non_geo_land-schleswig-holstein.rdf,date_issued_availability,contextuality,True,5,5
non_geo_land-schleswig-holstein.rdf,date_modified_availability,contextuality,True,5,5
non_geo_land-schleswig-holstein_02.rdf,keyword_availability,findability,True,30,30
non_geo_land-schleswig-holstein_02.rdf,category_availability,findability,True,30,30
non_geo_land-schleswig-holstein_02.rdf,spatial_availability,findability,True,20,20
non_geo_land-schleswig-holstein_02.rdf,temporal_availability,findability,True,20,20
non_geo_land-schleswig-holstein_02.rdf,dcat_ap_compliance,interoperability,False,0,30
non_geo_land-schleswig-holstein_02.rdf,access_rights_availability,reusability,True,10,10
non_geo_land-schleswig-holstein_02.rdf,access_rights_vocabulary,reusability,True,5,5
non_geo_land-schleswig-holstein_02.rdf,contact_point_availability,reusability,False,0,20
non_geo_land-schleswig-holstein_02.rdf,publisher_availability,reusability,True,10,10
non_geo_land-schleswig-holstein_02.rdf,access_url_status_code,accessibility,True,50,50
non_geo_land-schleswig-holstein_02.rdf,download_url_availability,accessibility,True,20,20
non_geo_land-schleswig-holstein_02.rdf,download_url_status_code,accessibility,True,30,30
non_geo_land-schleswig-holstein_02.rdf,format_availability,interoperability,True,20,20
non_geo_land-schleswig-holstein_02.rdf,media_type_availability,interoperability,True,10,10
non_geo_land-schleswig-holstein_02.rdf,format_media_type_vocabulary,interoperability,True,10,10
non_geo_land-schleswig-holstein_02.rdf,format_non_proprietary,interoperability,True,20,20
non_geo_land-schleswig-holstein_02.rdf,format_machine_readable,interoperability,True,20,20
non_geo_land-schleswig-holstein_02.rdf,license_availability,reusability,True,20,20
non_geo_land-schleswig-holstein_02.rdf,known_license,reusability,False,0,10
non_geo_land-schleswig-holstein_02.rdf,rights_availability,contextuality,True,5,5
non_geo_land-schleswig-holstein_02.rdf,byte_size_availability,contextuality,False,0,5
non_geo_land-schleswig-holstein_02.rdf,date_issued_availability,contextuality,True,5,5
non_geo_land-schleswig-holstein_02.rdf,date_modified_availability,contextuality,True,5,5
non_geo_land-schleswig-holstein_03.rdf,keyword_availability,findability,True,30,30
non_geo_land-schleswig-holstein_03.rdf,category_availability,findability,True,30,30
non_geo_land-schleswig-holstein_03.rdf,spatial_availability,findability,True,20,20
non_geo_land-schleswig-holstein_03.rdf,temporal_availability,findability,True,20,20
non_geo_land-schleswig-holstein_03.rdf,dcat_ap_compliance,interoperability,False,0,30
non_geo_land-schleswig-holstein_03.rdf,access_rights_availability,reusability,True,10,10
non_geo_land-schleswig-holstein_03.rdf,access_rights_vocabulary,reusability,True,5,5
non_geo_land-schleswig-holstein_03.rdf,contact_point_availability,reusability,False,0,20
non_geo_land-schleswig-holstein_03.rdf,publisher_availability,reusability,True,10,10
non_geo_land-schleswig-holstein_03.rdf,access_url_status_code,accessibility,True,50,50
non_geo_land-schleswig-holstein_03.rdf,download_url_availability,accessibility,True,20,20
non_geo_land-schleswig-holstein_03.rdf,download_url_status_code,accessibility,True,30,30
non_geo_land-schleswig-holstein_03.rdf,format_availability,interoperability,True,20,20
non_geo_land-schleswig-holstein_03.rdf,media_type_availability,interoperability,True,10,10
non_geo_land-schleswig-holstein_03.rdf,format_media_type_vocabulary,interoperability,True,10,10
non_geo_land-schleswig-holstein_03.rdf,format_non_proprietary,interoperability,True,20,20
non_geo_land-schleswig-holstein_03.rdf,format_machine_readable,interoperability,True,20,20
non_geo_land-schleswig-holstein_03.rdf,license_availability,reusability,True,20,20
non_geo_land-schleswig-holstein_03.rdf,known_license,reusability,False,0,10
non_geo_land-schleswig-holstein_03.rdf,rights_availability,contextuality,True,5,5
non_geo_land-schleswig-holstein_03.rdf,byte_size_availability,contextuality,False,0,5
non_geo_land-schleswig-holstein_03.rdf,date_issued_availability,contextuality,True,5,5
non_geo_land-schleswig-holstein_03.rdf,date_modified_availability,contextuality,True,5,5
non_geo_land-schleswig-holstein_04.rdf,keyword_availability,findability,True,30,30
non_geo_land-schleswig-holstein_04.rdf,category_availability,findability,True,30,30
non_geo_land-schleswig-holstein_04.rdf,spatial_availability,findability,True,20,20
non_geo_land-schleswig-holstein_04.rdf,temporal_availability,findability,True,20,20
non_geo_land-schleswig-holstein_04.rdf,dcat_ap_compliance,interoperability,False,0,30
non_geo_land-schleswig-holstein_04.rdf,access_rights_availability,reusability,True,10,10
non_geo_land-schleswig-holstein_04.rdf,access_rights_vocabulary,reusability,True,5,5
non_geo_land-schleswig-holstein_04.rdf,contact_point_availability,reusability,False,0,20
non_geo_land-schleswig-holstein_04.rdf,publisher_availability,reusability,True,10,10
non_geo_land-schleswig-holstein_04.rdf,access_url_status_code,accessibility,True,50,50
non_geo_land-schleswig-holstein_04.rdf,download_url_availability,accessibility,True,20,20
non_geo_land-schleswig-holstein_04.rdf,download_url_status_code,accessibility,True,30,30
non_geo_land-schleswig-holstein_04.rdf,format_availability,interoperability,True,20,20
non_geo_land-schleswig-holstein_04.rdf,media_type_availability,interoperability,True,10,10
non_geo_land-schleswig-holstein_04.rdf,format_media_type_vocabulary,interoperability,True,10,10
non_geo_land-schleswig-holstein_04.rdf,format_non_proprietary,interoperability,True,20,20
non_geo_land-schleswig-holstein_04.rdf,format_machine_readable,interoperability,True,20,20
non_geo_land-schleswig-holstein_04.rdf,license_availability,reusability,True,20,20
non_geo_land-schleswig-holstein_04.rdf,known_license,reusability,False,0,10
non_geo_land-schleswig-holstein_04.rdf,rights_availability,contextuality,True,5,5
non_geo_land-schleswig-holstein_04.rdf,byte_size_availability,contextuality,False,0,5
non_geo_land-schleswig-holstein_04.rdf,date_issued_availability,contextuality,True,5,5
non_geo_land-schleswig-holstein_04.rdf,date_modified_availability,contextuality,True,5,5
non_geo_land-schleswig-holstein_05.rdf,keyword_availability,findability,True,30,30
non_geo_land-schleswig-holstein_05.rdf,category_availability,findability,True,30,30
non_geo_land-schleswig-holstein_05.rdf,spatial_availability,findability,True,20,20
non_geo_land-schleswig-holstein_05.rdf,temporal_availability,findability,True,20,20
non_geo_land-schleswig-holstein_05.rdf,dcat_ap_compliance,interoperability,False,0,30
non_geo_land-schleswig-holstein_05.rdf,access_rights_availability,reusability,True,10,10
non_geo_land-schleswig-holstein_05.rdf,access_rights_vocabulary,reusability,True,5,5
non_geo_land-schleswig-holstein_05.rdf,contact_point_availability,reusability,True,20,20
non_geo_land-schleswig-holstein_05.rdf,publisher_availability,reusability,True,10,10
non_geo_land-schleswig-holstein_05.rdf,access_url_status_code,accessibility,True,50,50
non_geo_land-schleswig-holstein_05.rdf,download_url_availability,accessibility,True,20,20
non_geo_land-schleswig-holstein_05.rdf,download_url_status_code,accessibility,True,30,30
non_geo_land-schleswig-holstein_05.rdf,format_availability,interoperability,True,20,20
non_geo_land-schleswig-holstein_05.rdf,media_type_availability,interoperability,True,10,10
non_geo_land-schleswig-holstein_05.rdf,format_media_type_vocabulary,interoperability,True,10,10
non_geo_land-schleswig-holstein_05.rdf,format_non_proprietary,interoperability,True,20,20
non_geo_land-schleswig-holstein_05.rdf,format_machine_readable,interoperability,True,20,20
non_geo_land-schleswig-holstein_05.rdf,license_availability,reusability,True,20,20
non_geo_land-schleswig-holstein_05.rdf,known_license,reusability,False,0,10
non_geo_land-schleswig-holstein_05.rdf,rights_availability,contextuality,True,5,5
non_geo_land-schleswig-holstein_05.rdf,byte_size_availability,contextuality,False,0,5
non_geo_land-schleswig-holstein_05.rdf,date_issued_availability,contextuality,True,5,5
non_geo_land-schleswig-holstein_05.rdf,date_modified_availability,contextuality,True,5,5
non_geo_open-data-bayern.rdf,keyword_availability,findability,True,30,30
non_geo_open-data-bayern.rdf,category_availability,findability,True,30,30
non_geo_open-data-bayern.rdf,spatial_availability,findability,False,0,20
non_geo_open-data-bayern.rdf,temporal_availability,findability,False,0,20
non_geo_open-data-bayern.rdf,dcat_ap_compliance,interoperability,True,30,30
non_geo_open-data-bayern.rdf,access_rights_availability,reusability,False,0,10
non_geo_open-data-bayern.rdf,access_rights_vocabulary,reusability,False,0,5
non_geo_open-data-bayern.rdf,contact_point_availability,reusability,True,20,20
non_geo_open-data-bayern.rdf,publisher_availability,reusability,True,10,10
non_geo_open-data-bayern.rdf,access_url_status_code,accessibility,False,0,50
non_geo_open-data-bayern.rdf,download_url_availability,accessibility,False,0,20
non_geo_open-data-bayern.rdf,download_url_status_code,accessibility,False,0,30
non_geo_open-data-bayern.rdf,format_availability,interoperability,True,20,20
non_geo_open-data-bayern.rdf,media_type_availability,interoperability,True,10,10
non_geo_open-data-bayern.rdf,format_media_type_vocabulary,interoperability,True,10,10
non_geo_open-data-bayern.rdf,format_non_proprietary,interoperability,True,20,20
non_geo_open-data-bayern.rdf,format_machine_readable,interoperability,True,20,20
non_geo_open-data-bayern.rdf,license_availability,reusability,True,20,20
non_geo_open-data-bayern.rdf,known_license,reusability,False,0,10
non_geo_open-data-bayern.rdf,rights_availability,contextuality,False,0,5
non_geo_open-data-bayern.rdf,byte_size_availability,contextuality,False,0,5
non_geo_open-data-bayern.rdf,date_issued_availability,contextuality,True,5,5
non_geo_open-data-bayern.rdf,date_modified_availability,contextuality,True,5,5
non_geo_open-data-bayern_02.rdf,keyword_availability,findability,True,30,30
non_geo_open-data-bayern_02.rdf,category_availability,findability,True,30,30
non_geo_open-data-bayern_02.rdf,spatial_availability,findability,False,0,20
non_geo_open-data-bayern_02.rdf,temporal_availability,findability,True,20,20
non_geo_open-data-bayern_02.rdf,dcat_ap_compliance,interoperability,True,30,30
non_geo_open-data-bayern_02.rdf,access_rights_availability,reusability,False,0,10
non_geo_open-data-bayern_02.rdf,access_rights_vocabulary,reusability,False,0,5
non_geo_open-data-bayern_02.rdf,contact_point_availability,reusability,True,20,20
non_geo_open-data-bayern_02.rdf,publisher_availability,reusability,True,10,10
non_geo_open-data-bayern_02.rdf,access_url_status_code,accessibility,True,50,50
non_geo_open-data-bayern_02.rdf,download_url_availability,accessibility,True,20,20
non_geo_open-data-bayern_02.rdf,download_url_status_code,accessibility,True,30,30
non_geo_open-data-bayern_02.rdf,format_availability,interoperability,True,20,20
non_geo_open-data-bayern_02.rdf,media_type_availability,interoperability,False,0,10
non_geo_open-data-bayern_02.rdf,format_media_type_vocabulary,interoperability,True,10,10
non_geo_open-data-bayern_02.rdf,format_non_proprietary,interoperability,True,20,20
non_geo_open-data-bayern_02.rdf,format_machine_readable,interoperability,True,20,20
non_geo_open-data-bayern_02.rdf,license_availability,reusability,True,20,20
non_geo_open-data-bayern_02.rdf,known_license,reusability,False,0,10
non_geo_open-data-bayern_02.rdf,rights_availability,contextuality,False,0,5
non_geo_open-data-bayern_02.rdf,byte_size_availability,contextuality,False,0,5
non_geo_open-data-bayern_02.rdf,date_issued_availability,contextuality,True,5,5
non_geo_open-data-bayern_02.rdf,date_modified_availability,contextuality,True,5,5
non_geo_open-data-bayern_03.rdf,keyword_availability,findability,True,30,30
non_geo_open-data-bayern_03.rdf,category_availability,findability,True,30,30
non_geo_open-data-bayern_03.rdf,spatial_availability,findability,False,0,20
non_geo_open-data-bayern_03.rdf,temporal_availability,findability,False,0,20
non_geo_open-data-bayern_03.rdf,dcat_ap_compliance,interoperability,True,30,30
non_geo_open-data-bayern_03.rdf,access_rights_availability,reusability,False,0,10
non_geo_open-data-bayern_03.rdf,access_rights_vocabulary,reusability,False,0,5
non_geo_open-data-bayern_03.rdf,contact_point_availability,reusability,True,20,20
non_geo_open-data-bayern_03.rdf,publisher_availability,reusability,True,10,10
non_geo_open-data-bayern_03.rdf,access_url_status_code,accessibility,True,50,50
non_geo_open-data-bayern_03.rdf,download_url_availability,accessibility,False,0,20
non_geo_open-data-bayern_03.rdf,download_url_status_code,accessibility,False,0,30
non_geo_open-data-bayern_03.rdf,format_availability,interoperability,True,20,20
non_geo_open-data-bayern_03.rdf,media_type_availability,interoperability,True,10,10
non_geo_open-data-bayern_03.rdf,format_media_type_vocabulary,interoperability,True,10,10
non_geo_open-data-bayern_03.rdf,format_non_proprietary,interoperability,True,20,20
non_geo_open-data-bayern_03.rdf,format_machine_readable,interoperability,True,20,20
non_geo_open-data-bayern_03.rdf,license_availability,reusability,True,20,20
non_geo_open-data-bayern_03.rdf,known_license,reusability,False,0,10
non_geo_open-data-bayern_03.rdf,rights_availability,contextuality,False,0,5
non_geo_open-data-bayern_03.rdf,byte_size_availability,contextuality,False,0,5
non_geo_open-data-bayern_03.rdf,date_issued_availability,contextuality,True,5,5
non_geo_open-data-bayern_03.rdf,date_modified_availability,contextuality,True,5,5
non_geo_open-data-bayern_04.rdf,keyword_availability,findability,True,30,30
non_geo_open-data-bayern_04.rdf,category_availability,findability,True,30,30
non_geo_open-data-bayern_04.rdf,spatial_availability,findability,False,0,20
non_geo_open-data-bayern_04.rdf,temporal_availability,findability,True,20,20
non_geo_open-data-bayern_04.rdf,dcat_ap_compliance,interoperability,False,0,30
non_geo_open-data-bayern_04.rdf,access_rights_availability,reusability,False,0,10
non_geo_open-data-bayern_04.rdf,access_rights_vocabulary,reusability,False,0,5
non_geo_open-data-bayern_04.rdf,contact_point_availability,reusability,True,20,20
non_geo_open-data-bayern_04.rdf,publisher_availability,reusability,True,10,10
non_geo_open-data-bayern_04.rdf,access_url_status_code,accessibility,True,50,50
non_geo_open-data-bayern_04.rdf,download_url_availability,accessibility,True,20,20
non_geo_open-data-bayern_04.rdf,download_url_status_code,accessibility,True,30,30
non_geo_open-data-bayern_04.rdf,format_availability,interoperability,True,20,20
non_geo_open-data-bayern_04.rdf,media_type_availability,interoperability,True,10,10
non_geo_open-data-bayern_04.rdf,format_media_type_vocabulary,interoperability,True,10,10
non_geo_open-data-bayern_04.rdf,format_non_proprietary,interoperability,True,20,20
non_geo_open-data-bayern_04.rdf,format_machine_readable,interoperability,True,20,20
non_geo_open-data-bayern_04.rdf,license_availability,reusability,True,20,20
non_geo_open-data-bayern_04.rdf,known_license,reusability,False,0,10
non_geo_open-data-bayern_04.rdf,rights_availability,contextuality,False,0,5
non_geo_open-data-bayern_04.rdf,byte_size_availability,contextuality,False,0,5
non_geo_open-data-bayern_04.rdf,date_issued_availability,contextuality,True,5,5
non_geo_open-data-bayern_04.rdf,date_modified_availability,contextuality,True,5,5
non_geo_open-data-bayern_05.rdf,keyword_availability,findability,True,30,30
non_geo_open-data-bayern_05.rdf,category_availability,findability,True,30,30
non_geo_open-data-bayern_05.rdf,spatial_availability,findability,False,0,20
non_geo_open-data-bayern_05.rdf,temporal_availability,findability,False,0,20
non_geo_open-data-bayern_05.rdf,dcat_ap_compliance,interoperability,True,30,30
non_geo_open-data-bayern_05.rdf,access_rights_availability,reusability,False,0,10
non_geo_open-data-bayern_05.rdf,access_rights_vocabulary,reusability,False,0,5
non_geo_open-data-bayern_05.rdf,contact_point_availability,reusability,True,20,20
non_geo_open-data-bayern_05.rdf,publisher_availability,reusability,True,10,10
non_geo_open-data-bayern_05.rdf,access_url_status_code,accessibility,True,50,50
non_geo_open-data-bayern_05.rdf,download_url_availability,accessibility,False,0,20
non_geo_open-data-bayern_05.rdf,download_url_status_code,accessibility,False,0,30
non_geo_open-data-bayern_05.rdf,format_availability,interoperability,True,20,20
non_geo_open-data-bayern_05.rdf,media_type_availability,interoperability,True,10,10
non_geo_open-data-bayern_05.rdf,format_media_type_vocabulary,interoperability,True,10,10
non_geo_open-data-bayern_05.rdf,format_non_proprietary,interoperability,True,20,20
non_geo_open-data-bayern_05.rdf,format_machine_readable,interoperability,True,20,20
non_geo_open-data-bayern_05.rdf,license_availability,reusability,True,20,20
non_geo_open-data-bayern_05.rdf,known_license,reusability,False,0,10
non_geo_open-data-bayern_05.rdf,rights_availability,contextuality,False,0,5
non_geo_open-data-bayern_05.rdf,byte_size_availability,contextuality,False,0,5
non_geo_open-data-bayern_05.rdf,date_issued_availability,contextuality,True,5,5
non_geo_open-data-bayern_05.rdf,date_modified_availability,contextuality,True,5,5
non_geo_open-data-brandenburg.rdf,keyword_availability,findability,True,30,30
non_geo_open-data-brandenburg.rdf,category_availability,findability,True,30,30
non_geo_open-data-brandenburg.rdf,spatial_availability,findability,True,20,20
non_geo_open-data-brandenburg.rdf,temporal_availability,findability,False,0,20
non_geo_open-data-brandenburg.rdf,dcat_ap_compliance,interoperability,False,0,30
non_geo_open-data-brandenburg.rdf,access_rights_availability,reusability,True,10,10
non_geo_open-data-brandenburg.rdf,access_rights_vocabulary,reusability,False,0,5
non_geo_open-data-brandenburg.rdf,contact_point_availability,reusability,True,20,20
non_geo_open-data-brandenburg.rdf,publisher_availability,reusability,True,10,10
non_geo_open-data-brandenburg.rdf,access_url_status_code,accessibility,True,50,50
non_geo_open-data-brandenburg.rdf,download_url_availability,accessibility,True,20,20
non_geo_open-data-brandenburg.rdf,download_url_status_code,accessibility,True,30,30
non_geo_open-data-brandenburg.rdf,format_availability,interoperability,True,20,20
non_geo_open-data-brandenburg.rdf,media_type_availability,interoperability,False,0,10
non_geo_open-data-brandenburg.rdf,format_media_type_vocabulary,interoperability,True,10,10
non_geo_open-data-brandenburg.rdf,format_non_proprietary,interoperability,True,20,20
non_geo_open-data-brandenburg.rdf,format_machine_readable,interoperability,False,0,20
non_geo_open-data-brandenburg.rdf,license_availability,reusability,True,20,20
non_geo_open-data-brandenburg.rdf,known_license,reusability,False,0,10
non_geo_open-data-brandenburg.rdf,rights_availability,contextuality,False,0,5
non_geo_open-data-brandenburg.rdf,byte_size_availability,contextuality,False,0,5
non_geo_open-data-brandenburg.rdf,date_issued_availability,contextuality,True,5,5
non_geo_open-data-brandenburg.rdf,date_modified_availability,contextuality,True,5,5
non_geo_open-data-brandenburg_02.rdf,keyword_availability,findability,True,30,30
non_geo_open-data-brandenburg_02.rdf,category_availability,findability,False,0,30
non_geo_open-data-brandenburg_02.rdf,spatial_availability,findability,True,20,20
non_geo_open-data-brandenburg_02.rdf,temporal_availability,findability,False,0,20
non_geo_open-data-brandenburg_02.rdf,dcat_ap_compliance,interoperability,False,0,30
non_geo_open-data-brandenburg_02.rdf,access_rights_availability,reusability,True,10,10
non_geo_open-data-brandenburg_02.rdf,access_rights_vocabulary,reusability,False,0,5
non_geo_open-data-brandenburg_02.rdf,contact_point_availability,reusability,True,20,20
non_geo_open-data-brandenburg_02.rdf,publisher_availability,reusability,True,10,10
non_geo_open-data-brandenburg_02.rdf,access_url_status_code,accessibility,True,50,50
non_geo_open-data-brandenburg_02.rdf,download_url_availability,accessibility,True,20,20
non_geo_open-data-brandenburg_02.rdf,download_url_status_code,accessibility,True,30,30
non_geo_open-data-brandenburg_02.rdf,format_availability,interoperability,False,0,20
non_geo_open-data-brandenburg_02.rdf,media_type_availability,interoperability,False,0,10
non_geo_open-data-brandenburg_02.rdf,format_media_type_vocabulary,interoperability,False,0,10
non_geo_open-data-brandenburg_02.rdf,format_non_proprietary,interoperability,False,0,20
non_geo_open-data-brandenburg_02.rdf,format_machine_readable,interoperability,False,0,20
non_geo_open-data-brandenburg_02.rdf,license_availability,reusability,True,20,20
non_geo_open-data-brandenburg_02.rdf,known_license,reusability,False,0,10
non_geo_open-data-brandenburg_02.rdf,rights_availability,contextuality,False,0,5
non_geo_open-data-brandenburg_02.rdf,byte_size_availability,contextuality,False,0,5
non_geo_open-data-brandenburg_02.rdf,date_issued_availability,contextuality,True,5,5
non_geo_open-data-brandenburg_02.rdf,date_modified_availability,contextuality,True,5,5
non_geo_open-data-brandenburg_03.rdf,keyword_availability,findability,True,30,30
non_geo_open-data-brandenburg_03.rdf,category_availability,findability,True,30,30
non_geo_open-data-brandenburg_03.rdf,spatial_availability,findability,True,20,20
non_geo_open-data-brandenburg_03.rdf,temporal_availability,findability,False,0,20
non_geo_open-data-brandenburg_03.rdf,dcat_ap_compliance,interoperability,False,0,30
non_geo_open-data-brandenburg_03.rdf,access_rights_availability,reusability,True,10,10
non_geo_open-data-brandenburg_03.rdf,access_rights_vocabulary,reusability,False,0,5
non_geo_open-data-brandenburg_03.rdf,contact_point_availability,reusability,True,20,20
non_geo_open-data-brandenburg_03.rdf,publisher_availability,reusability,True,10,10
non_geo_open-data-brandenburg_03.rdf,access_url_status_code,accessibility,True,50,50
non_geo_open-data-brandenburg_03.rdf,download_url_availability,accessibility,True,20,20
non_geo_open-data-brandenburg_03.rdf,download_url_status_code,accessibility,True,30,30
non_geo_open-data-brandenburg_03.rdf,format_availability,interoperability,True,20,20
non_geo_open-data-brandenburg_03.rdf,media_type_availability,interoperability,False,0,10
non_geo_open-data-brandenburg_03.rdf,format_media_type_vocabulary,interoperability,True,10,10
non_geo_open-data-brandenburg_03.rdf,format_non_proprietary,interoperability,True,20,20
non_geo_open-data-brandenburg_03.rdf,format_machine_readable,interoperability,False,0,20
non_geo_open-data-brandenburg_03.rdf,license_availability,reusability,True,20,20
non_geo_open-data-brandenburg_03.rdf,known_license,reusability,False,0,10
non_geo_open-data-brandenburg_03.rdf,rights_availability,contextuality,False,0,5
non_geo_open-data-brandenburg_03.rdf,byte_size_availability,contextuality,False,0,5
non_geo_open-data-brandenburg_03.rdf,date_issued_availability,contextuality,True,5,5
non_geo_open-data-brandenburg_03.rdf,date_modified_availability,contextuality,True,5,5
non_geo_open-data-brandenburg_04.rdf,keyword_availability,findability,True,30,30
non_geo_open-data-brandenburg_04.rdf,category_availability,findability,True,30,30
non_geo_open-data-brandenburg_04.rdf,spatial_availability,findability,True,20,20
non_geo_open-data-brandenburg_04.rdf,temporal_availability,findability,False,0,20
non_geo_open-data-brandenburg_04.rdf,dcat_ap_compliance,interoperability,False,0,30
non_geo_open-data-brandenburg_04.rdf,access_rights_availability,reusability,True,10,10
non_geo_open-data-brandenburg_04.rdf,access_rights_vocabulary,reusability,False,0,5
non_geo_open-data-brandenburg_04.rdf,contact_point_availability,reusability,True,20,20
non_geo_open-data-brandenburg_04.rdf,publisher_availability,reusability,True,10,10
non_geo_open-data-brandenburg_04.rdf,access_url_status_code,accessibility,True,50,50
non_geo_open-data-brandenburg_04.rdf,download_url_availability,accessibility,True,20,20
non_geo_open-data-brandenburg_04.rdf,download_url_status_code,accessibility,True,30,30
non_geo_open-data-brandenburg_04.rdf,format_availability,interoperability,True,20,20
non_geo_open-data-brandenburg_04.rdf,media_type_availability,interoperability,False,0,10
non_geo_open-data-brandenburg_04.rdf,format_media_type_vocabulary,interoperability,True,10,10
non_geo_open-data-brandenburg_04.rdf,format_non_proprietary,interoperability,True,20,20
non_geo_open-data-brandenburg_04.rdf,format_machine_readable,interoperability,False,0,20
non_geo_open-data-brandenburg_04.rdf,license_availability,reusability,True,20,20
non_geo_open-data-brandenburg_04.rdf,known_license,reusability,False,0,10
non_geo_open-data-brandenburg_04.rdf,rights_availability,contextuality,False,0,5
non_geo_open-data-brandenburg_04.rdf,byte_size_availability,contextuality,False,0,5
non_geo_open-data-brandenburg_04.rdf,date_issued_availability,contextuality,True,5,5
non_geo_open-data-brandenburg_04.rdf,date_modified_availability,contextuality,True,5,5
non_geo_open-data-brandenburg_05.rdf,keyword_availability,findability,True,30,30
non_geo_open-data-brandenburg_05.rdf,category_availability,findability,False,0,30
non_geo_open-data-brandenburg_05.rdf,spatial_availability,findability,True,20,20
non_geo_open-data-brandenburg_05.rdf,temporal_availability,findability,False,0,20
non_geo_open-data-brandenburg_05.rdf,dcat_ap_compliance,interoperability,False,0,30
non_geo_open-data-brandenburg_05.rdf,access_rights_availability,reusability,True,10,10
non_geo_open-data-brandenburg_05.rdf,access_rights_vocabulary,reusability,False,0,5
non_geo_open-data-brandenburg_05.rdf,contact_point_availability,reusability,True,20,20
non_geo_open-data-brandenburg_05.rdf,publisher_availability,reusability,True,10,10
non_geo_open-data-brandenburg_05.rdf,access_url_status_code,accessibility,True,50,50
non_geo_open-data-brandenburg_05.rdf,download_url_availability,accessibility,True,20,20
non_geo_open-data-brandenburg_05.rdf,download_url_status_code,accessibility,True,30,30
non_geo_open-data-brandenburg_05.rdf,format_availability,interoperability,False,0,20
non_geo_open-data-brandenburg_05.rdf,media_type_availability,interoperability,False,0,10
non_geo_open-data-brandenburg_05.rdf,format_media_type_vocabulary,interoperability,False,0,10
non_geo_open-data-brandenburg_05.rdf,format_non_proprietary,interoperability,False,0,20
non_geo_open-data-brandenburg_05.rdf,format_machine_readable,interoperability,False,0,20
non_geo_open-data-brandenburg_05.rdf,license_availability,reusability,True,20,20
non_geo_open-data-brandenburg_05.rdf,known_license,reusability,False,0,10
non_geo_open-data-brandenburg_05.rdf,rights_availability,contextuality,False,0,5
non_geo_open-data-brandenburg_05.rdf,byte_size_availability,contextuality,False,0,5
non_geo_open-data-brandenburg_05.rdf,date_issued_availability,contextuality,True,5,5
non_geo_open-data-brandenburg_05.rdf,date_modified_availability,contextuality,True,5,5
non_geo_rest.rdf,keyword_availability,findability,True,30,30
non_geo_rest.rdf,category_availability,findability,True,30,30
non_geo_rest.rdf,spatial_availability,findability,False,0,20
non_geo_rest.rdf,temporal_availability,findability,False,0,20
non_geo_rest.rdf,dcat_ap_compliance,interoperability,False,0,30
non_geo_rest.rdf,access_rights_availability,reusability,False,0,10
non_geo_rest.rdf,access_rights_vocabulary,reusability,False,0,5
non_geo_rest.rdf,contact_point_availability,reusability,True,20,20
non_geo_rest.rdf,publisher_availability,reusability,True,10,10
non_geo_rest.rdf,access_url_status_code,accessibility,True,50,50
non_geo_rest.rdf,download_url_availability,accessibility,True,20,20
non_geo_rest.rdf,download_url_status_code,accessibility,True,30,30
non_geo_rest.rdf,format_availability,interoperability,True,20,20
non_geo_rest.rdf,media_type_availability,interoperability,True,10,10
non_geo_rest.rdf,format_media_type_vocabulary,interoperability,True,10,10
non_geo_rest.rdf,format_non_proprietary,interoperability,True,20,20
non_geo_rest.rdf,format_machine_readable,interoperability,True,20,20
non_geo_rest.rdf,license_availability,reusability,True,20,20
non_geo_rest.rdf,known_license,reusability,False,0,10
non_geo_rest.rdf,rights_availability,contextuality,False,0,5
non_geo_rest.rdf,byte_size_availability,contextuality,False,0,5
non_geo_rest.rdf,date_issued_availability,contextuality,True,5,5
non_geo_rest.rdf,date_modified_availability,contextuality,True,5,5
non_geo_rest_02.rdf,keyword_availability,findability,True,30,30
non_geo_rest_02.rdf,category_availability,findability,True,30,30
non_geo_rest_02.rdf,spatial_availability,findability,True,20,20
non_geo_rest_02.rdf,temporal_availability,findability,True,20,20
non_geo_rest_02.rdf,dcat_ap_compliance,interoperability,False,0,30
non_geo_rest_02.rdf,access_rights_availability,reusability,True,10,10
non_geo_rest_02.rdf,access_rights_vocabulary,reusability,False,0,5
non_geo_rest_02.rdf,contact_point_availability,reusability,True,20,20
non_geo_rest_02.rdf,publisher_availability,reusability,True,10,10
non_geo_rest_02.rdf,access_url_status_code,accessibility,True,50,50
non_geo_rest_02.rdf,download_url_availability,accessibility,False,0,20
non_geo_rest_02.rdf,download_url_status_code,accessibility,False,0,30
non_geo_rest_02.rdf,format_availability,interoperability,True,20,20
non_geo_rest_02.rdf,media_type_availability,interoperability,True,10,10
non_geo_rest_02.rdf,format_media_type_vocabulary,interoperability,False,0,10
non_geo_rest_02.rdf,format_non_proprietary,interoperability,False,0,20
non_geo_rest_02.rdf,format_machine_readable,interoperability,False,0,20
non_geo_rest_02.rdf,license_availability,reusability,True,20,20
non_geo_rest_02.rdf,known_license,reusability,False,0,10
non_geo_rest_02.rdf,rights_availability,contextuality,False,0,5
non_geo_rest_02.rdf,byte_size_availability,contextuality,True,5,5
non_geo_rest_02.rdf,date_issued_availability,contextuality,True,5,5
non_geo_rest_02.rdf,date_modified_availability,contextuality,True,5,5
non_geo_rest_03.rdf,keyword_availability,findability,True,30,30
non_geo_rest_03.rdf,category_availability,findability,True,30,30
non_geo_rest_03.rdf,spatial_availability,findability,True,20,20
non_geo_rest_03.rdf,temporal_availability,findability,False,0,20
non_geo_rest_03.rdf,dcat_ap_compliance,interoperability,False,0,30
non_geo_rest_03.rdf,access_rights_availability,reusability,False,0,10
non_geo_rest_03.rdf,access_rights_vocabulary,reusability,False,0,5
non_geo_rest_03.rdf,contact_point_availability,reusability,True,20,20
non_geo_rest_03.rdf,publisher_availability,reusability,True,10,10
non_geo_rest_03.rdf,access_url_status_code,accessibility,False,0,50
non_geo_rest_03.rdf,download_url_availability,accessibility,True,20,20
non_geo_rest_03.rdf,download_url_status_code,accessibility,True,30,30
non_geo_rest_03.rdf,format_availability,interoperability,True,20,20
non_geo_rest_03.rdf,media_type_availability,interoperability,True,10,10
non_geo_rest_03.rdf,format_media_type_vocabulary,interoperability,True,10,10
non_geo_rest_03.rdf,format_non_proprietary,interoperability,True,20,20
non_geo_rest_03.rdf,format_machine_readable,interoperability,True,20,20
non_geo_rest_03.rdf,license_availability,reusability,True,20,20
non_geo_rest_03.rdf,known_license,reusability,False,0,10
non_geo_rest_03.rdf,rights_availability,contextuality,False,0,5
non_geo_rest_03.rdf,byte_size_availability,contextuality,False,0,5
non_geo_rest_03.rdf,date_issued_availability,contextuality,True,5,5
non_geo_rest_03.rdf,date_modified_availability,contextuality,True,5,5
non_geo_rest_04.rdf,keyword_availability,findability,False,0,30
non_geo_rest_04.rdf,category_availability,findability,True,30,30
non_geo_rest_04.rdf,spatial_availability,findability,False,0,20
non_geo_rest_04.rdf,temporal_availability,findability,False,0,20
non_geo_rest_04.rdf,dcat_ap_compliance,interoperability,False,0,30
non_geo_rest_04.rdf,access_rights_availability,reusability,False,0,10
non_geo_rest_04.rdf,access_rights_vocabulary,reusability,False,0,5
non_geo_rest_04.rdf,contact_point_availability,reusability,True,20,20
non_geo_rest_04.rdf,publisher_availability,reusability,True,10,10
non_geo_rest_04.rdf,access_url_status_code,accessibility,True,50,50
non_geo_rest_04.rdf,download_url_availability,accessibility,False,0,20
non_geo_rest_04.rdf,download_url_status_code,accessibility,False,0,30
non_geo_rest_04.rdf,format_availability,interoperability,True,20,20
non_geo_rest_04.rdf,media_type_availability,interoperability,True,10,10
non_geo_rest_04.rdf,format_media_type_vocabulary,interoperability,True,10,10
non_geo_rest_04.rdf,format_non_proprietary,interoperability,True,20,20
non_geo_rest_04.rdf,format_machine_readable,interoperability,True,20,20
non_geo_rest_04.rdf,license_availability,reusability,True,20,20
non_geo_rest_04.rdf,known_license,reusability,False,0,10
non_geo_rest_04.rdf,rights_availability,contextuality,False,0,5
non_geo_rest_04.rdf,byte_size_availability,contextuality,False,0,5
non_geo_rest_04.rdf,date_issued_availability,contextuality,True,5,5
non_geo_rest_04.rdf,date_modified_availability,contextuality,True,5,5
non_geo_rest_05.rdf,keyword_availability,findability,True,30,30
non_geo_rest_05.rdf,category_availability,findability,True,30,30
non_geo_rest_05.rdf,spatial_availability,findability,False,0,20
non_geo_rest_05.rdf,temporal_availability,findability,False,0,20
non_geo_rest_05.rdf,dcat_ap_compliance,interoperability,False,0,30
non_geo_rest_05.rdf,access_rights_availability,reusability,False,0,10
non_geo_rest_05.rdf,access_rights_vocabulary,reusability,False,0,5
non_geo_rest_05.rdf,contact_point_availability,reusability,False,0,20
non_geo_rest_05.rdf,publisher_availability,reusability,True,10,10
non_geo_rest_05.rdf,access_url_status_code,accessibility,True,50,50
non_geo_rest_05.rdf,download_url_availability,accessibility,False,0,20
non_geo_rest_05.rdf,download_url_status_code,accessibility,False,0,30
non_geo_rest_05.rdf,format_availability,interoperability,True,20,20
non_geo_rest_05.rdf,media_type_availability,interoperability,True,10,10
non_geo_rest_05.rdf,format_media_type_vocabulary,interoperability,True,10,10
non_geo_rest_05.rdf,format_non_proprietary,interoperability,False,0,20
non_geo_rest_05.rdf,format_machine_readable,interoperability,False,0,20
non_geo_rest_05.rdf,license_availability,reusability,True,20,20
non_geo_rest_05.rdf,known_license,reusability,False,0,10
non_geo_rest_05.rdf,rights_availability,contextuality,False,0,5
non_geo_rest_05.rdf,byte_size_availability,contextuality,True,5,5
non_geo_rest_05.rdf,date_issued_availability,contextuality,True,5,5
non_geo_rest_05.rdf,date_modified_availability,contextuality,True,5,5
