dataset_index,dataset_id,dataset_name,publisher,primary_stratum,secondary_stratum,file_path
24420,7c99d798-0f7e-4568-a3e0-6a2aee72671d,buchstrasse-4-anderung,open-data-portal-rheinland-pfalz,geo,open-data-portal-rheinland-pfalz,data/sample_2026-05-18/geo_open-data-portal-rheinland-pfalz.rdf
25307,2421e883-92c0-4347-86b4-b6c2db723002,im-stockbusch-1-vereinfachte-anderung,open-data-portal-rheinland-pfalz,geo,open-data-portal-rheinland-pfalz,data/sample_2026-05-18/geo_open-data-portal-rheinland-pfalz_02.rdf
23010,fc86b460-c12a-40bf-8e9e-7c8714971b5e,bevolkerungsstand-2023-bevolkerung-unter-3-jahre-anteil-in-1,open-data-portal-rheinland-pfalz,geo,open-data-portal-rheinland-pfalz,data/sample_2026-05-18/geo_open-data-portal-rheinland-pfalz_03.rdf
44293,17bb6a8b-d260-4017-b891-9757929640a1,teilbebauungsplan-tb-226-hamburgdc182,transparenzportal-hamburg,geo,transparenzportal-hamburg,data/sample_2026-05-18/geo_transparenzportal-hamburg.rdf
80506,f7e8b987-c5e8-43f2-8547-6c9493aa93df,referenzwerte-naturnaher-wasserhaushalt-hamburg,transparenzportal-hamburg,geo,transparenzportal-hamburg,data/sample_2026-05-18/geo_transparenzportal-hamburg_02.rdf
45529,4df711d3-44f9-41f1-9ccb-df2b116f5740,bebauungsplan-barmbek-nord-19-hamburgc1d33,transparenzportal-hamburg,geo,transparenzportal-hamburg,data/sample_2026-05-18/geo_transparenzportal-hamburg_03.rdf
141294,6d384a95-a890-4521-bd33-f8013db7a47b,inspire-us-kindertagesstatten-der-stadt-jena,gdi-de,geo,gdi-de,data/sample_2026-05-18/geo_gdi-de.rdf
104978,08ac3b0d-3cbe-4788-9ff2-208e3502b32e,bebauungsplane-und-satzungen-der-verwaltungsgemeinschaft-hermsdorf,gdi-de,geo,gdi-de,data/sample_2026-05-18/geo_gdi-de_02.rdf
2748,5e970804-bc90-44c2-bd7a-f09d92a26c61,hydrogeologische-karte-von-thuringen-1-200-000-kanozoische-grundwasserleiter,gdi-de,geo,gdi-de,data/sample_2026-05-18/geo_gdi-de_03.rdf
70580,b4321ecd-2798-4947-bf75-7a2e937c7c44,bebauungsplan-nr-2-dorfstucken-amt-beetzsee-stadt-havelsee-ot-fohrde,open-data-brandenburg,geo,open-data-brandenburg,data/sample_2026-05-18/geo_open-data-brandenburg.rdf
80292,2fdc6928-ea3e-4233-a1ff-d8546cf853ca,klarstellungssatzung-fangschleuse-gemeinde-grunheide-mark-ot-grunheide,open-data-brandenburg,geo,open-data-brandenburg,data/sample_2026-05-18/geo_open-data-brandenburg_02.rdf
18665,e90f9507-8270-43ef-bc85-428ce549a387,vep-17-wohnanlage-breite-strasse-iii,open-data-brandenburg,geo,open-data-brandenburg,data/sample_2026-05-18/geo_open-data-brandenburg_03.rdf
139663,a79b511f-7799-4989-b6c9-3bf8303bdcbc,alkis-nora-verwaltungs-und-katasterbezirksgrenzen,open-data-baden-wurttemberg,geo,rest,data/sample_2026-05-18/geo_rest.rdf
8199,56b0bff2-5004-49fb-83b9-064043c4caea,bewegliche-denkmaler-c-denkmalliste-kreis-viersend4610,mcloud,geo,rest,data/sample_2026-05-18/geo_rest_02.rdf
3534,7c62933f-d043-44ed-a737-bc1f7634c741,01001000_bp_kauslund_osterfeld_235_1aedb890,land-schleswig-holstein,geo,rest,data/sample_2026-05-18/geo_rest_03.rdf
109501,0289dc8c-39a9-4c86-9725-ad1897aa0245,anzahl-der-genehmigten-wohnungen-insgesamt-neubau-und-baumassnahmen-in-schonbergabb18,land-schleswig-holstein,non_geo,land-schleswig-holstein,data/sample_2026-05-18/non_geo_land-schleswig-holstein.rdf
3097,103547d7-262d-46f1-97bf-41ac4f8f62c8,strassenverkehrsunfalle-in-schleswig-holstein-2015,land-schleswig-holstein,non_geo,land-schleswig-holstein,data/sample_2026-05-18/non_geo_land-schleswig-holstein_02.rdf
135716,6f987b80-16aa-4c99-bc8a-fe19419180e3,betriebe-im-bauhauptgewerbe-nach-wz-2-stellern-im-juni-in-friedrichstadt-stadt5ee67,land-schleswig-holstein,non_geo,land-schleswig-holstein,data/sample_2026-05-18/non_geo_land-schleswig-holstein_03.rdf
141802,db61e311-25e1-47c6-95d2-f97b3d4f7134,bebauungsplane-nr-45-v-stadtmitte-v-b70-stadt-papenburg,gdi-de,non_geo,gdi-de,data/sample_2026-05-18/non_geo_gdi-de.rdf
71517,7f6b5c56-70a2-400f-ab21-aab4037d5ecd,bplan-053-apen-urschrift-1,gdi-de,non_geo,gdi-de,data/sample_2026-05-18/non_geo_gdi-de_02.rdf
49610,808e60ec-1d66-4e70-b854-82579e88b2b6,alkane-docosan-aliphat-kohlenwasserstoffe-22-c-atome-im-meerwasser-202191240,gdi-de,non_geo,gdi-de,data/sample_2026-05-18/non_geo_gdi-de_03.rdf
12100,2849ed7a-b10e-428a-ac4b-92cf41a2ed79,altdorf-m-baufertigstellungen,open-data-bayern,non_geo,open-data-bayern,data/sample_2026-05-18/non_geo_open-data-bayern.rdf
12619,ec5d0eea-8546-4880-b9c5-72a7fba7e789,munchen-lkr-tageseinrichtungen-fur-kinder,open-data-bayern,non_geo,open-data-bayern,data/sample_2026-05-18/non_geo_open-data-bayern_02.rdf
13149,1ca26bd0-b4a3-4072-b77c-f286c5585a3e,erlangen-krfr-st-allgemein-bildende-schulen8c962,open-data-bayern,non_geo,open-data-bayern,data/sample_2026-05-18/non_geo_open-data-bayern_03.rdf
50964,dced5e1e-ced8-456c-972d-5bbc937b0baf,vorhabenbezogener-bebauungsplan-nr-w6-reitplatz-stadt-beeskow-wfs,open-data-brandenburg,non_geo,open-data-brandenburg,data/sample_2026-05-18/non_geo_open-data-brandenburg.rdf
99820,2f3bda1e-f1b1-499e-9633-fcd9d28dc394,untere-fischereibehorden-des-landes-brandenburg3e622,open-data-brandenburg,non_geo,open-data-brandenburg,data/sample_2026-05-18/non_geo_open-data-brandenburg_02.rdf
69470,9060ab64-e109-4cb9-8d60-ccba1ee3d0fe,bebauungsplan-torfstrasse-stadt-bernau-bei-berlin-ot-schonow-wfs,open-data-brandenburg,non_geo,open-data-brandenburg,data/sample_2026-05-18/non_geo_open-data-brandenburg_03.rdf
1258,5090d42f-c6bd-48cb-9924-056ea655d043,entwicklung-von-umsatz-und-beschaftigung-im-gastgewerbe-in-hamburg-juni-2011,transparenzportal-hamburg,non_geo,rest,data/sample_2026-05-18/non_geo_rest.rdf
850,657422fc-d3a9-4ea2-b779-1c41066b5d89,das-baugewerbe-in-hamburg-im-juli-2014,transparenzportal-hamburg,non_geo,rest,data/sample_2026-05-18/non_geo_rest_02.rdf
30108,10811842-3b50-4e17-8068-df9c7f9e2aab,kreistagsmitglieder-innen-sachkundigeburger-innen-mit-angabe-der-fraktionszugehorigkeit17e53,open-nrw,non_geo,rest,data/sample_2026-05-18/non_geo_rest_03.rdf
