file,rdf_path,gt_findability,gt_accessibility,gt_reusability,gt_expressiveness,gt_notes
bad_01.rdf,data/extreme_cases_03/bad_01.rdf,3,0,1,3,
bad_02.rdf,data/extreme_cases_03/bad_02.rdf,2,1,3,2,
bad_03.rdf,data/extreme_cases_03/bad_03.rdf,2,1,3,2,
bad_04.rdf,data/extreme_cases_03/bad_04.rdf,1,2,0,0,
bad_05.rdf,data/extreme_cases_03/bad_05.rdf,3,3,1,3,
good_01.rdf,data/extreme_cases_03/good_01.rdf,3,5,3,4,
good_02.rdf,data/extreme_cases_03/good_02.rdf,3,5,3,4,
good_03.rdf,data/extreme_cases_03/good_03.rdf,3,5,3,4,
good_04.rdf,data/extreme_cases_03/good_04.rdf,3,5,3,4,
good_05.rdf,data/extreme_cases_03/good_05.rdf,4,4,3,5,
