statistics_code;statistics_label;time_code;time_label;time;1_variable_code;1_variable_label;1_variable_attribute_code;1_variable_attribute_label;2_variable_code;2_variable_label;2_variable_attribute_code;2_variable_attribute_label;value;value_unit;value_variable_code;value_variable_label
45511;Monatserhebung im Tourismus;JAHR;Berichtsjahr;2019;GEMEIN;Gemeinden (einschl. gemeindefreie Gebiete);09187181;Vogtareuth;HERKG1;Herkunft der Gäste;INLAND;Inland;1673;Anzahl;GANK03;Gästeankünfte in Beherbergungsbetrieben
45511;Monatserhebung im Tourismus;JAHR;Berichtsjahr;2019;GEMEIN;Gemeinden (einschl. gemeindefreie Gebiete);09187181;Vogtareuth;HERKG1;Herkunft der Gäste;INLAND;Inland;3307;Anzahl;GUEB03;Gästeübernachtungen in Beherbergungsbetrieben
45511;Monatserhebung im Tourismus;JAHR;Berichtsjahr;2016;GEMEIN;Gemeinden (einschl. gemeindefreie Gebiete);09187181;Vogtareuth;HERKG1;Herkunft der Gäste;INLAND;Inland;.;Anzahl;GANK03;Gästeankünfte in Beherbergungsbetrieben
45511;Monatserhebung im Tourismus;JAHR;Berichtsjahr;2016;GEMEIN;Gemeinden (einschl. gemeindefreie Gebiete);09187181;Vogtareuth;HERKG1;Herkunft der Gäste;INLAND;Inland;.;Anzahl;GUEB03;Gästeübernachtungen in Beherbergungsbetrieben
45511;Monatserhebung im Tourismus;JAHR;Berichtsjahr;2015;GEMEIN;Gemeinden (einschl. gemeindefreie Gebiete);09187181;Vogtareuth;HERKG1;Herkunft der Gäste;INLAND;Inland;.;Anzahl;GANK03;Gästeankünfte in Beherbergungsbetrieben
45511;Monatserhebung im Tourismus;JAHR;Berichtsjahr;2015;GEMEIN;Gemeinden (einschl. gemeindefreie Gebiete);09187181;Vogtareuth;HERKG1;Herkunft der Gäste;INLAND;Inland;.;Anzahl;GUEB03;Gästeübernachtungen in Beherbergungsbetrieben
45511;Monatserhebung im Tourismus;JAHR;Berichtsjahr;2018;GEMEIN;Gemeinden (einschl. gemeindefreie Gebiete);09187181;Vogtareuth;HERKG1;Herkunft der Gäste;INLAND;Inland;1566;Anzahl;GANK03;Gästeankünfte in Beherbergungsbetrieben
45511;Monatserhebung im Tourismus;JAHR;Berichtsjahr;2018;GEMEIN;Gemeinden (einschl. gemeindefreie Gebiete);09187181;Vogtareuth;HERKG1;Herkunft der Gäste;INLAND;Inland;4518;Anzahl;GUEB03;Gästeübernachtungen in Beherbergungsbetrieben
45511;Monatserhebung im Tourismus;JAHR;Berichtsjahr;2017;GEMEIN;Gemeinden (einschl. gemeindefreie Gebiete);09187181;Vogtareuth;HERKG1;Herkunft der Gäste;INLAND;Inland;.;Anzahl;GANK03;Gästeankünfte in Beherbergungsbetrieben
45511;Monatserhebung im Tourismus;JAHR;Berichtsjahr;2017;GEMEIN;Gemeinden (einschl. gemeindefreie Gebiete);09187181;Vogtareuth;HERKG1;Herkunft der Gäste;INLAND;Inland;.;Anzahl;GUEB03;Gästeübernachtungen in Beherbergungsbetrieben
45511;Monatserhebung im Tourismus;JAHR;Berichtsjahr;2019;GEMEIN;Gemeinden (einschl. gemeindefreie Gebiete);09187181;Vogtareuth;HERKG1;Herkunft der Gäste;;Insgesamt;2018;Anzahl;GANK03;Gästeankünfte in Beherbergungsbetrieben
45511;Monatserhebung im Tourismus;JAHR;Berichtsjahr;2019;GEMEIN;Gemeinden (einschl. gemeindefreie Gebiete);09187181;Vogtareuth;HERKG1;Herkunft der Gäste;;Insgesamt;5204;Anzahl;GUEB03;Gästeübernachtungen in Beherbergungsbetrieben
45511;Monatserhebung im Tourismus;JAHR;Berichtsjahr;2023;GEMEIN;Gemeinden (einschl. gemeindefreie Gebiete);09187181;Vogtareuth;HERKG1;Herkunft der Gäste;AUSLAND;Ausland;367;Anzahl;GANK03;Gästeankünfte in Beherbergungsbetrieben
45511;Monatserhebung im Tourismus;JAHR;Berichtsjahr;2023;GEMEIN;Gemeinden (einschl. gemeindefreie Gebiete);09187181;Vogtareuth;HERKG1;Herkunft der Gäste;AUSLAND;Ausland;7949;Anzahl;GUEB03;Gästeübernachtungen in Beherbergungsbetrieben
45511;Monatserhebung im Tourismus;JAHR;Berichtsjahr;2018;GEMEIN;Gemeinden (einschl. gemeindefreie Gebiete);09187181;Vogtareuth;HERKG1;Herkunft der Gäste;;Insgesamt;1744;Anzahl;GANK03;Gästeankünfte in Beherbergungsbetrieben
45511;Monatserhebung im Tourismus;JAHR;Berichtsjahr;2018;GEMEIN;Gemeinden (einschl. gemeindefreie Gebiete);09187181;Vogtareuth;HERKG1;Herkunft der Gäste;;Insgesamt;5794;Anzahl;GUEB03;Gästeübernachtungen in Beherbergungsbetrieben
45511;Monatserhebung im Tourismus;JAHR;Berichtsjahr;2022;GEMEIN;Gemeinden (einschl. gemeindefreie Gebiete);09187181;Vogtareuth;HERKG1;Herkunft der Gäste;AUSLAND;Ausland;358;Anzahl;GANK03;Gästeankünfte in Beherbergungsbetrieben
45511;Monatserhebung im Tourismus;JAHR;Berichtsjahr;2022;GEMEIN;Gemeinden (einschl. gemeindefreie Gebiete);09187181;Vogtareuth;HERKG1;Herkunft der Gäste;AUSLAND;Ausland;8425;Anzahl;GUEB03;Gästeübernachtungen in Beherbergungsbetrieben
45511;Monatserhebung im Tourismus;JAHR;Berichtsjahr;2017;GEMEIN;Gemeinden (einschl. gemeindefreie Gebiete);09187181;Vogtareuth;HERKG1;Herkunft der Gäste;;Insgesamt;.;Anzahl;GANK03;Gästeankünfte in Beherbergungsbetrieben
45511;Monatserhebung im Tourismus;JAHR;Berichtsjahr;2017;GEMEIN;Gemeinden (einschl. gemeindefreie Gebiete);09187181;Vogtareuth;HERKG1;Herkunft der Gäste;;Insgesamt;.;Anzahl;GUEB03;Gästeübernachtungen in Beherbergungsbetrieben
45511;Monatserhebung im Tourismus;JAHR;Berichtsjahr;2025;GEMEIN;Gemeinden (einschl. gemeindefreie Gebiete);09187181;Vogtareuth;HERKG1;Herkunft der Gäste;AUSLAND;Ausland;440;Anzahl;GANK03;Gästeankünfte in Beherbergungsbetrieben
45511;Monatserhebung im Tourismus;JAHR;Berichtsjahr;2025;GEMEIN;Gemeinden (einschl. gemeindefreie Gebiete);09187181;Vogtareuth;HERKG1;Herkunft der Gäste;AUSLAND;Ausland;3949;Anzahl;GUEB03;Gästeübernachtungen in Beherbergungsbetrieben
45511;Monatserhebung im Tourismus;JAHR;Berichtsjahr;2016;GEMEIN;Gemeinden (einschl. gemeindefreie Gebiete);09187181;Vogtareuth;HERKG1;Herkunft der Gäste;;Insgesamt;.;Anzahl;GANK03;Gästeankünfte in Beherbergungsbetrieben
45511;Monatserhebung im Tourismus;JAHR;Berichtsjahr;2016;GEMEIN;Gemeinden (einschl. gemeindefreie Gebiete);09187181;Vogtareuth;HERKG1;Herkunft der Gäste;;Insgesamt;.;Anzahl;GUEB03;Gästeübernachtungen in Beherbergungsbetrieben
45511;Monatserhebung im Tourismus;JAHR;Berichtsjahr;2024;GEMEIN;Gemeinden (einschl. gemeindefreie Gebiete);09187181;Vogtareuth;HERKG1;Herkunft der Gäste;AUSLAND;Ausland;456;Anzahl;GANK03;Gästeankünfte in Beherbergungsbetrieben
45511;Monatserhebung im Tourismus;JAHR;Berichtsjahr;2024;GEMEIN;Gemeinden (einschl. gemeindefreie Gebiete);09187181;Vogtareuth;HERKG1;Herkunft der Gäste;AUSLAND;Ausland;7154;Anzahl;GUEB03;Gästeübernachtungen in Beherbergungsbetrieben
45511;Monatserhebung im Tourismus;JAHR;Berichtsjahr;2015;GEMEIN;Gemeinden (einschl. gemeindefreie Gebiete);09187181;Vogtareuth;HERKG1;Herkunft der Gäste;;Insgesamt;.;Anzahl;GANK03;Gästeankünfte in Beherbergungsbetrieben
45511;Monatserhebung im Tourismus;JAHR;Berichtsjahr;2015;GEMEIN;Gemeinden (einschl. gemeindefreie Gebiete);09187181;Vogtareuth;HERKG1;Herkunft der Gäste;;Insgesamt;.;Anzahl;GUEB03;Gästeübernachtungen in Beherbergungsbetrieben
45511;Monatserhebung im Tourismus;JAHR;Berichtsjahr;2021;GEMEIN;Gemeinden (einschl. gemeindefreie Gebiete);09187181;Vogtareuth;HERKG1;Herkunft der Gäste;AUSLAND;Ausland;276;Anzahl;GANK03;Gästeankünfte in Beherbergungsbetrieben
45511;Monatserhebung im Tourismus;JAHR;Berichtsjahr;2021;GEMEIN;Gemeinden (einschl. gemeindefreie Gebiete);09187181;Vogtareuth;HERKG1;Herkunft der Gäste;AUSLAND;Ausland;4515;Anzahl;GUEB03;Gästeübernachtungen in Beherbergungsbetrieben
45511;Monatserhebung im Tourismus;JAHR;Berichtsjahr;2020;GEMEIN;Gemeinden (einschl. gemeindefreie Gebiete);09187181;Vogtareuth;HERKG1;Herkunft der Gäste;AUSLAND;Ausland;152;Anzahl;GANK03;Gästeankünfte in Beherbergungsbetrieben
45511;Monatserhebung im Tourismus;JAHR;Berichtsjahr;2020;GEMEIN;Gemeinden (einschl. gemeindefreie Gebiete);09187181;Vogtareuth;HERKG1;Herkunft der Gäste;AUSLAND;Ausland;4171;Anzahl;GUEB03;Gästeübernachtungen in Beherbergungsbetrieben
45511;Monatserhebung im Tourismus;JAHR;Berichtsjahr;2021;GEMEIN;Gemeinden (einschl. gemeindefreie Gebiete);09187181;Vogtareuth;HERKG1;Herkunft der Gäste;;Insgesamt;1779;Anzahl;GANK03;Gästeankünfte in Beherbergungsbetrieben
45511;Monatserhebung im Tourismus;JAHR;Berichtsjahr;2021;GEMEIN;Gemeinden (einschl. gemeindefreie Gebiete);09187181;Vogtareuth;HERKG1;Herkunft der Gäste;;Insgesamt;8290;Anzahl;GUEB03;Gästeübernachtungen in Beherbergungsbetrieben
45511;Monatserhebung im Tourismus;JAHR;Berichtsjahr;2020;GEMEIN;Gemeinden (einschl. gemeindefreie Gebiete);09187181;Vogtareuth;HERKG1;Herkunft der Gäste;;Insgesamt;1243;Anzahl;GANK03;Gästeankünfte in Beherbergungsbetrieben
45511;Monatserhebung im Tourismus;JAHR;Berichtsjahr;2020;GEMEIN;Gemeinden (einschl. gemeindefreie Gebiete);09187181;Vogtareuth;HERKG1;Herkunft der Gäste;;Insgesamt;7035;Anzahl;GUEB03;Gästeübernachtungen in Beherbergungsbetrieben
45511;Monatserhebung im Tourismus;JAHR;Berichtsjahr;2024;GEMEIN;Gemeinden (einschl. gemeindefreie Gebiete);09187181;Vogtareuth;HERKG1;Herkunft der Gäste;INLAND;Inland;1462;Anzahl;GANK03;Gästeankünfte in Beherbergungsbetrieben
45511;Monatserhebung im Tourismus;JAHR;Berichtsjahr;2024;GEMEIN;Gemeinden (einschl. gemeindefreie Gebiete);09187181;Vogtareuth;HERKG1;Herkunft der Gäste;INLAND;Inland;3064;Anzahl;GUEB03;Gästeübernachtungen in Beherbergungsbetrieben
45511;Monatserhebung im Tourismus;JAHR;Berichtsjahr;2025;GEMEIN;Gemeinden (einschl. gemeindefreie Gebiete);09187181;Vogtareuth;HERKG1;Herkunft der Gäste;INLAND;Inland;1562;Anzahl;GANK03;Gästeankünfte in Beherbergungsbetrieben
45511;Monatserhebung im Tourismus;JAHR;Berichtsjahr;2025;GEMEIN;Gemeinden (einschl. gemeindefreie Gebiete);09187181;Vogtareuth;HERKG1;Herkunft der Gäste;INLAND;Inland;4186;Anzahl;GUEB03;Gästeübernachtungen in Beherbergungsbetrieben
45511;Monatserhebung im Tourismus;JAHR;Berichtsjahr;2022;GEMEIN;Gemeinden (einschl. gemeindefreie Gebiete);09187181;Vogtareuth;HERKG1;Herkunft der Gäste;INLAND;Inland;1185;Anzahl;GANK03;Gästeankünfte in Beherbergungsbetrieben
45511;Monatserhebung im Tourismus;JAHR;Berichtsjahr;2022;GEMEIN;Gemeinden (einschl. gemeindefreie Gebiete);09187181;Vogtareuth;HERKG1;Herkunft der Gäste;INLAND;Inland;3953;Anzahl;GUEB03;Gästeübernachtungen in Beherbergungsbetrieben
45511;Monatserhebung im Tourismus;JAHR;Berichtsjahr;2023;GEMEIN;Gemeinden (einschl. gemeindefreie Gebiete);09187181;Vogtareuth;HERKG1;Herkunft der Gäste;INLAND;Inland;1452;Anzahl;GANK03;Gästeankünfte in Beherbergungsbetrieben
45511;Monatserhebung im Tourismus;JAHR;Berichtsjahr;2023;GEMEIN;Gemeinden (einschl. gemeindefreie Gebiete);09187181;Vogtareuth;HERKG1;Herkunft der Gäste;INLAND;Inland;3791;Anzahl;GUEB03;Gästeübernachtungen in Beherbergungsbetrieben
45511;Monatserhebung im Tourismus;JAHR;Berichtsjahr;2020;GEMEIN;Gemeinden (einschl. gemeindefreie Gebiete);09187181;Vogtareuth;HERKG1;Herkunft der Gäste;INLAND;Inland;1091;Anzahl;GANK03;Gästeankünfte in Beherbergungsbetrieben
45511;Monatserhebung im Tourismus;JAHR;Berichtsjahr;2020;GEMEIN;Gemeinden (einschl. gemeindefreie Gebiete);09187181;Vogtareuth;HERKG1;Herkunft der Gäste;INLAND;Inland;2864;Anzahl;GUEB03;Gästeübernachtungen in Beherbergungsbetrieben
45511;Monatserhebung im Tourismus;JAHR;Berichtsjahr;2021;GEMEIN;Gemeinden (einschl. gemeindefreie Gebiete);09187181;Vogtareuth;HERKG1;Herkunft der Gäste;INLAND;Inland;1503;Anzahl;GANK03;Gästeankünfte in Beherbergungsbetrieben
45511;Monatserhebung im Tourismus;JAHR;Berichtsjahr;2021;GEMEIN;Gemeinden (einschl. gemeindefreie Gebiete);09187181;Vogtareuth;HERKG1;Herkunft der Gäste;INLAND;Inland;3775;Anzahl;GUEB03;Gästeübernachtungen in Beherbergungsbetrieben
45511;Monatserhebung im Tourismus;JAHR;Berichtsjahr;2019;GEMEIN;Gemeinden (einschl. gemeindefreie Gebiete);09187181;Vogtareuth;HERKG1;Herkunft der Gäste;AUSLAND;Ausland;345;Anzahl;GANK03;Gästeankünfte in Beherbergungsbetrieben
45511;Monatserhebung im Tourismus;JAHR;Berichtsjahr;2019;GEMEIN;Gemeinden (einschl. gemeindefreie Gebiete);09187181;Vogtareuth;HERKG1;Herkunft der Gäste;AUSLAND;Ausland;1897;Anzahl;GUEB03;Gästeübernachtungen in Beherbergungsbetrieben
45511;Monatserhebung im Tourismus;JAHR;Berichtsjahr;2015;GEMEIN;Gemeinden (einschl. gemeindefreie Gebiete);09187181;Vogtareuth;HERKG1;Herkunft der Gäste;AUSLAND;Ausland;.;Anzahl;GANK03;Gästeankünfte in Beherbergungsbetrieben
45511;Monatserhebung im Tourismus;JAHR;Berichtsjahr;2015;GEMEIN;Gemeinden (einschl. gemeindefreie Gebiete);09187181;Vogtareuth;HERKG1;Herkunft der Gäste;AUSLAND;Ausland;.;Anzahl;GUEB03;Gästeübernachtungen in Beherbergungsbetrieben
45511;Monatserhebung im Tourismus;JAHR;Berichtsjahr;2016;GEMEIN;Gemeinden (einschl. gemeindefreie Gebiete);09187181;Vogtareuth;HERKG1;Herkunft der Gäste;AUSLAND;Ausland;.;Anzahl;GANK03;Gästeankünfte in Beherbergungsbetrieben
45511;Monatserhebung im Tourismus;JAHR;Berichtsjahr;2016;GEMEIN;Gemeinden (einschl. gemeindefreie Gebiete);09187181;Vogtareuth;HERKG1;Herkunft der Gäste;AUSLAND;Ausland;.;Anzahl;GUEB03;Gästeübernachtungen in Beherbergungsbetrieben
45511;Monatserhebung im Tourismus;JAHR;Berichtsjahr;2017;GEMEIN;Gemeinden (einschl. gemeindefreie Gebiete);09187181;Vogtareuth;HERKG1;Herkunft der Gäste;AUSLAND;Ausland;.;Anzahl;GANK03;Gästeankünfte in Beherbergungsbetrieben
45511;Monatserhebung im Tourismus;JAHR;Berichtsjahr;2017;GEMEIN;Gemeinden (einschl. gemeindefreie Gebiete);09187181;Vogtareuth;HERKG1;Herkunft der Gäste;AUSLAND;Ausland;.;Anzahl;GUEB03;Gästeübernachtungen in Beherbergungsbetrieben
45511;Monatserhebung im Tourismus;JAHR;Berichtsjahr;2018;GEMEIN;Gemeinden (einschl. gemeindefreie Gebiete);09187181;Vogtareuth;HERKG1;Herkunft der Gäste;AUSLAND;Ausland;178;Anzahl;GANK03;Gästeankünfte in Beherbergungsbetrieben
45511;Monatserhebung im Tourismus;JAHR;Berichtsjahr;2018;GEMEIN;Gemeinden (einschl. gemeindefreie Gebiete);09187181;Vogtareuth;HERKG1;Herkunft der Gäste;AUSLAND;Ausland;1276;Anzahl;GUEB03;Gästeübernachtungen in Beherbergungsbetrieben
45511;Monatserhebung im Tourismus;JAHR;Berichtsjahr;2025;GEMEIN;Gemeinden (einschl. gemeindefreie Gebiete);09187181;Vogtareuth;HERKG1;Herkunft der Gäste;;Insgesamt;2002;Anzahl;GANK03;Gästeankünfte in Beherbergungsbetrieben
45511;Monatserhebung im Tourismus;JAHR;Berichtsjahr;2025;GEMEIN;Gemeinden (einschl. gemeindefreie Gebiete);09187181;Vogtareuth;HERKG1;Herkunft der Gäste;;Insgesamt;8135;Anzahl;GUEB03;Gästeübernachtungen in Beherbergungsbetrieben
45511;Monatserhebung im Tourismus;JAHR;Berichtsjahr;2024;GEMEIN;Gemeinden (einschl. gemeindefreie Gebiete);09187181;Vogtareuth;HERKG1;Herkunft der Gäste;;Insgesamt;1918;Anzahl;GANK03;Gästeankünfte in Beherbergungsbetrieben
45511;Monatserhebung im Tourismus;JAHR;Berichtsjahr;2024;GEMEIN;Gemeinden (einschl. gemeindefreie Gebiete);09187181;Vogtareuth;HERKG1;Herkunft der Gäste;;Insgesamt;10218;Anzahl;GUEB03;Gästeübernachtungen in Beherbergungsbetrieben
45511;Monatserhebung im Tourismus;JAHR;Berichtsjahr;2023;GEMEIN;Gemeinden (einschl. gemeindefreie Gebiete);09187181;Vogtareuth;HERKG1;Herkunft der Gäste;;Insgesamt;1819;Anzahl;GANK03;Gästeankünfte in Beherbergungsbetrieben
45511;Monatserhebung im Tourismus;JAHR;Berichtsjahr;2023;GEMEIN;Gemeinden (einschl. gemeindefreie Gebiete);09187181;Vogtareuth;HERKG1;Herkunft der Gäste;;Insgesamt;11740;Anzahl;GUEB03;Gästeübernachtungen in Beherbergungsbetrieben
45511;Monatserhebung im Tourismus;JAHR;Berichtsjahr;2022;GEMEIN;Gemeinden (einschl. gemeindefreie Gebiete);09187181;Vogtareuth;HERKG1;Herkunft der Gäste;;Insgesamt;1543;Anzahl;GANK03;Gästeankünfte in Beherbergungsbetrieben
45511;Monatserhebung im Tourismus;JAHR;Berichtsjahr;2022;GEMEIN;Gemeinden (einschl. gemeindefreie Gebiete);09187181;Vogtareuth;HERKG1;Herkunft der Gäste;;Insgesamt;12378;Anzahl;GUEB03;Gästeübernachtungen in Beherbergungsbetrieben
